Satellite 1,Satellite 2,Distance
ESSA,COSMOS,10586.651733772027
ESSA,RADIO,11570.4154494008
ESSA,COSMOS,13181.40289645329
ESSA,COSMOS,5396.295353918081
ESSA,COSMOS,7130.102779036139
ESSA,COSMOS,3138.727187653461
ESSA,COSMOS,9412.332083218162
ESSA,COSMOS,1213.8893309048137
ESSA,NOVA,1820.169909384426
ESSA,COSMOS,10597.39232656688
ESSA,COSMOS,747.8451892270906
ESSA,OSCAR,14066.501432796069
ESSA,ACRIMSAT,6394.189864639847
ESSA,RITE,9368.699034379195
ESSA,ONEWEB-0045,1276.8463258656977
ESSA,ONEWEB-0051,1745.3755441599455
ESSA,STARLINK-1206,4498.976357371396
ESSA,STARLINK-1222,3328.8627679424244
ESSA,STARLINK-1404,3763.177877548273
ESSA,STARLINK-1723,3276.467597228201
ESSA,STARLINK-1805,4508.8826342076345
ESSA,STARLINK-2034,4035.691078477999
ESSA,STARLINK-2424,4472.741879216056
ESSA,STARLINK-3313,4698.117077930263
ESSA,STARLINK-3284,4169.400934289769
ESSA,STARLINK-3568,3188.0968477822503
ESSA,STARLINK-3562,3004.4690694336473
ESSA,STARLINK-3859,3620.313842105342
ESSA,STARLINK-4126,3202.54052742215
ESSA,STARLINK-4563,3887.311244686098
ESSA,STARLINK-4683,3843.5241503817383
ESSA,CHUANG,11063.85105111572
ESSA,STARLINK-5807,14287.72519726022
ESSA,STARLINK-6117,12775.34917023108
ESSA,STARLINK-31181,12363.31407086826
ESSA,STARLINK-11145,3596.630938871738
ESSA,STARLINK-11116,2728.205753431274
ESSA,STARLINK-32002,4550.817946636409
ESSA,STARLINK-32250,4653.324460194252
ESSA,STARLINK-32226,4721.4898244399365
ESSA,TOMORROW-S2,1664.43933393822
ESSA,STARLINK-32602,14292.125845753224
ESSA,STARLINK-32693,2482.17081629187
ESSA,STARLINK-32797,12661.639741923269
ESSA,STARLINK-11565,12392.55844955069
ESSA,STARLINK-11430,11849.771283661223
ESSA,STARLINK-32938,12605.89459231791
COSMOS,ESSA,10586.651733772027
COSMOS,RADIO,6453.271862617139
COSMOS,NOVA,9160.797692988483
COSMOS,OSCAR,5652.930627973686
COSMOS,ACRIMSAT,9299.913518532565
COSMOS,RITE,5336.020996621873
COSMOS,ONEWEB-0045,10814.940364823138
COSMOS,ONEWEB-0051,10876.019534599487
COSMOS,STARLINK-1206,7344.228048076279
COSMOS,STARLINK-1222,9493.45883133687
COSMOS,STARLINK-1404,8934.303871493761
COSMOS,STARLINK-1723,9292.21502492822
COSMOS,STARLINK-1805,10192.45554569435
COSMOS,STARLINK-2034,8805.522295750172
COSMOS,STARLINK-2424,10193.009882226685
COSMOS,STARLINK-3313,10346.327964203747
COSMOS,STARLINK-3284,9970.190696745134
COSMOS,STARLINK-3568,9134.344100080189
COSMOS,STARLINK-3562,9221.526714590465
COSMOS,STARLINK-3859,8487.233975095294
COSMOS,STARLINK-4126,9123.385826744538
COSMOS,STARLINK-4563,8853.73537064512
COSMOS,STARLINK-4683,9708.909443955583
COSMOS,CHUANG,4335.595794077197
COSMOS,STARLINK-5807,4877.001080728756
COSMOS,STARLINK-6117,4492.474152349453
COSMOS,STARLINK-31181,3646.30091951605
COSMOS,STARLINK-11145,9269.151749697121
COSMOS,STARLINK-11116,8777.1989037443
COSMOS,STARLINK-32002,9383.220672905069
COSMOS,STARLINK-32250,10193.210199117077
COSMOS,STARLINK-32226,10263.316494427681
COSMOS,TOMORROW-S2,10141.31280190272
COSMOS,STARLINK-32602,5575.700828225463
COSMOS,STARLINK-32693,8688.492004120737
COSMOS,STARLINK-32797,4245.457810321087
COSMOS,STARLINK-11565,4924.136949364932
COSMOS,STARLINK-11430,3411.120875672381
COSMOS,STARLINK-32938,4045.0547884717644
RADIO,ESSA,11570.4154494008
RADIO,COSMOS,6453.271862617139
RADIO,COSMOS,11412.034452090711
RADIO,COSMOS,9315.641137084565
RADIO,COSMOS,8522.985898137022
RADIO,COSMOS,8590.687827608226
RADIO,COSMOS,7429.969542980902
RADIO,COSMOS,10797.22093684176
RADIO,NOVA,9759.108163275667
RADIO,COSMOS,11297.843088748668
RADIO,COSMOS,11554.849111223082
RADIO,OSCAR,6626.025765831679
RADIO,ACRIMSAT,9578.695017131498
RADIO,RITE,4294.685004454516
RADIO,ONEWEB-0045,11142.955695883658
RADIO,ONEWEB-0051,10897.279198353388
RADIO,STARLINK-1206,9174.917184149674
RADIO,STARLINK-1222,10056.102837616558
RADIO,STARLINK-1404,11586.76575735868
RADIO,STARLINK-1723,10680.544020152902
RADIO,STARLINK-1805,8588.144001961304
RADIO,STARLINK-2034,11861.527497586318
RADIO,STARLINK-2424,8628.251935874894
RADIO,STARLINK-3313,8625.01420376918
RADIO,STARLINK-3284,8623.724657033592
RADIO,STARLINK-3568,10810.924090764182
RADIO,STARLINK-3562,10380.880159185775
RADIO,STARLINK-3859,11447.869892449547
RADIO,STARLINK-4126,10845.70883036455
RADIO,STARLINK-4563,11727.31763024471
RADIO,STARLINK-4683,8792.911125803614
RADIO,CHUANG,9102.305900466556
RADIO,STARLINK-5807,7736.241040000668
RADIO,STARLINK-6117,8346.149080918689
RADIO,STARLINK-31181,6123.907070455131
RADIO,STARLINK-11145,10676.52505204031
RADIO,STARLINK-11116,10002.246854927213
RADIO,STARLINK-32002,7959.704556461965
RADIO,STARLINK-32250,8517.385931504608
RADIO,STARLINK-32226,8532.497856578566
RADIO,TOMORROW-S2,10433.438577157773
RADIO,STARLINK-32602,7199.978723040103
RADIO,STARLINK-32693,9176.235034018851
RADIO,STARLINK-32797,8083.589168591878
RADIO,STARLINK-11565,6796.478013544956
RADIO,STARLINK-11430,3648.374352770632
RADIO,STARLINK-32938,7895.419032159015
COSMOS,ESSA,13181.40289645329
COSMOS,RADIO,11412.034452090711
COSMOS,NOVA,12287.554089218627
COSMOS,OSCAR,7499.4382159603265
COSMOS,ACRIMSAT,11357.327372762255
COSMOS,RITE,10566.80396040241
COSMOS,ONEWEB-0045,13651.987956806823
COSMOS,ONEWEB-0051,13878.946063820566
COSMOS,STARLINK-1206,9527.61667360982
COSMOS,STARLINK-1222,11981.8535036291
COSMOS,STARLINK-1404,10228.077034910213
COSMOS,STARLINK-1723,11292.404845597219
COSMOS,STARLINK-1805,14031.670897146902
COSMOS,STARLINK-2034,9934.359976592967
COSMOS,STARLINK-2424,13991.532590686891
COSMOS,STARLINK-3313,14176.45530530574
COSMOS,STARLINK-3284,13734.396639749782
COSMOS,STARLINK-3568,11026.224641945242
COSMOS,STARLINK-3562,11455.802086073125
COSMOS,STARLINK-3859,10011.322790579803
COSMOS,STARLINK-4126,10987.95345753803
COSMOS,STARLINK-4563,10059.93644163431
COSMOS,STARLINK-4683,13193.00154190726
COSMOS,CHUANG,3671.8656288416723
COSMOS,STARLINK-5807,5768.820306479601
COSMOS,STARLINK-6117,4497.8214424941725
COSMOS,STARLINK-31181,6090.5996063889825
COSMOS,STARLINK-11145,11189.438271171142
COSMOS,STARLINK-11116,11201.455755515022
COSMOS,STARLINK-32002,13219.589693679829
COSMOS,STARLINK-32250,14027.820581057704
COSMOS,STARLINK-32226,14112.988327555993
COSMOS,TOMORROW-S2,13061.33835099845
COSMOS,STARLINK-32602,6955.564786081328
COSMOS,STARLINK-32693,11827.897738110538
COSMOS,STARLINK-32797,4558.30475009026
COSMOS,STARLINK-11565,6578.075191400312
COSMOS,STARLINK-11430,7956.57149949048
COSMOS,STARLINK-32938,4588.166150305537
COSMOS,ESSA,5396.295353918081
COSMOS,RADIO,9315.641137084565
COSMOS,NOVA,4567.99737427232
COSMOS,OSCAR,10144.049151234682
COSMOS,ACRIMSAT,6689.817255190587
COSMOS,RITE,6836.406405941204
COSMOS,ONEWEB-0045,6025.785535513441
COSMOS,ONEWEB-0051,6286.772160004915
COSMOS,STARLINK-1206,3387.4617994276346
COSMOS,STARLINK-1222,5326.667049282585
COSMOS,STARLINK-1404,3654.705374855535
COSMOS,STARLINK-1723,4677.801524874964
COSMOS,STARLINK-1805,7118.252690722253
COSMOS,STARLINK-2034,3316.2053905447765
COSMOS,STARLINK-2424,7094.453767783233
COSMOS,STARLINK-3313,7333.382735744035
COSMOS,STARLINK-3284,6754.837503938454
COSMOS,STARLINK-3568,4318.021241582829
COSMOS,STARLINK-3562,4656.831473734981
COSMOS,STARLINK-3859,2787.3521359324377
COSMOS,STARLINK-4126,4282.68394262099
COSMOS,STARLINK-4563,3447.484652283188
COSMOS,STARLINK-4683,6303.850630402728
COSMOS,CHUANG,6455.620100972683
COSMOS,STARLINK-5807,9791.260123628985
COSMOS,STARLINK-6117,8273.56590308948
COSMOS,STARLINK-31181,8151.485902293306
COSMOS,STARLINK-11145,4777.3081695689125
COSMOS,STARLINK-11116,4124.141529526814
COSMOS,STARLINK-32002,6493.00038633089
COSMOS,STARLINK-32250,7193.925897470046
COSMOS,STARLINK-32226,7285.323034238948
COSMOS,TOMORROW-S2,5551.587825538654
COSMOS,STARLINK-32602,10176.850820570502
COSMOS,STARLINK-32693,4399.571838997085
COSMOS,STARLINK-32797,8152.015071840417
COSMOS,STARLINK-11565,8524.538677041726
COSMOS,STARLINK-11430,8050.867837393322
COSMOS,STARLINK-32938,8079.116269652712
COSMOS,ESSA,7130.102779036139
COSMOS,RADIO,8522.985898137022
COSMOS,NOVA,6138.661367878994
COSMOS,OSCAR,7916.7733855222305
COSMOS,ACRIMSAT,5728.0259257041325
COSMOS,RITE,7221.219427440563
COSMOS,ONEWEB-0045,7424.496108952877
COSMOS,ONEWEB-0051,7620.203846263528
COSMOS,STARLINK-1206,3278.140320720954
COSMOS,STARLINK-1222,5721.700038198518
COSMOS,STARLINK-1404,4592.427516818285
COSMOS,STARLINK-1723,5156.113674348289
COSMOS,STARLINK-1805,7889.818656580802
COSMOS,STARLINK-2034,4599.455234204013
COSMOS,STARLINK-2424,7835.509229053242
COSMOS,STARLINK-3313,8034.502156416386
COSMOS,STARLINK-3284,7565.6142870893555
COSMOS,STARLINK-3568,4939.612473061942
COSMOS,STARLINK-3562,5238.84031905833
COSMOS,STARLINK-3859,4599.136451004164
COSMOS,STARLINK-4126,4915.062540136919
COSMOS,STARLINK-4563,4573.1249968148595
COSMOS,STARLINK-4683,6951.881594243237
COSMOS,CHUANG,3989.0917122624237
COSMOS,STARLINK-5807,7612.500527897405
COSMOS,STARLINK-6117,5857.743864800493
COSMOS,STARLINK-31181,6025.207988558548
COSMOS,STARLINK-11145,5087.000870213977
COSMOS,STARLINK-11116,4943.668218680684
COSMOS,STARLINK-32002,7114.343785100413
COSMOS,STARLINK-32250,7891.511855319788
COSMOS,STARLINK-32226,7981.729438026676
COSMOS,TOMORROW-S2,6792.057646412921
COSMOS,STARLINK-32602,7912.598672031861
COSMOS,STARLINK-32693,5579.424075337176
COSMOS,STARLINK-32797,5770.307747096634
COSMOS,STARLINK-11565,6126.24846739454
COSMOS,STARLINK-11430,6692.460367965828
COSMOS,STARLINK-32938,5734.702896445253
COSMOS,ESSA,3138.727187653461
COSMOS,RADIO,8590.687827608226
COSMOS,NOVA,1392.6720851260611
COSMOS,OSCAR,11830.025334289134
COSMOS,ACRIMSAT,6167.668526862043
COSMOS,RITE,6292.0495748848725
COSMOS,ONEWEB-0045,3081.2313147152
COSMOS,ONEWEB-0051,3007.2962509000818
COSMOS,STARLINK-1206,4028.8801261733574
COSMOS,STARLINK-1222,3759.1205641612587
COSMOS,STARLINK-1404,4905.0244019865
COSMOS,STARLINK-1723,4167.2238376702335
COSMOS,STARLINK-1805,3171.5577757638102
COSMOS,STARLINK-2034,5128.319955729829
COSMOS,STARLINK-2424,3201.066037764104
COSMOS,STARLINK-3313,3443.155267050665
COSMOS,STARLINK-3284,2841.4436564842413
COSMOS,STARLINK-3568,4154.880436875037
COSMOS,STARLINK-3562,3730.56091131111
COSMOS,STARLINK-3859,4457.941446395071
COSMOS,STARLINK-4126,4184.608133862252
COSMOS,STARLINK-4563,5007.553319380936
COSMOS,STARLINK-4683,2862.9725801014906
COSMOS,CHUANG,9687.43089523479
COSMOS,STARLINK-5807,12148.279106480099
COSMOS,STARLINK-6117,11003.16422731245
COSMOS,STARLINK-31181,10145.450780129577
COSMOS,STARLINK-11145,4413.589283162061
COSMOS,STARLINK-11116,3108.9630878155012
COSMOS,STARLINK-32002,2832.541053650284
COSMOS,STARLINK-32250,3321.344999922118
COSMOS,STARLINK-32226,3397.666373790249
COSMOS,TOMORROW-S2,2601.4475334103463
COSMOS,STARLINK-32602,12117.514339637759
COSMOS,STARLINK-32693,1556.0321307444024
COSMOS,STARLINK-32797,10835.008473682847
COSMOS,STARLINK-11565,10407.810540587234
COSMOS,STARLINK-11430,9132.259074839367
COSMOS,STARLINK-32938,10733.44555855268
COSMOS,ESSA,9412.332083218162
COSMOS,RADIO,7429.969542980902
COSMOS,NOVA,8176.8240008994135
COSMOS,OSCAR,5719.481814104693
COSMOS,ACRIMSAT,7301.221020016082
COSMOS,RITE,6739.340509897369
COSMOS,ONEWEB-0045,9609.306987576603
COSMOS,ONEWEB-0051,9727.85629239048
COSMOS,STARLINK-1206,5525.67030384155
COSMOS,STARLINK-1222,7853.838698671422
COSMOS,STARLINK-1404,7128.246048653481
COSMOS,STARLINK-1723,7500.817065229109
COSMOS,STARLINK-1805,9398.006893946575
COSMOS,STARLINK-2034,7112.571903447551
COSMOS,STARLINK-2424,9360.636492855985
COSMOS,STARLINK-3313,9526.060341348157
COSMOS,STARLINK-3284,9133.262546811902
COSMOS,STARLINK-3568,7350.460530599753
COSMOS,STARLINK-3562,7532.202487612598
COSMOS,STARLINK-3859,7041.645886927187
COSMOS,STARLINK-4126,7335.182558912843
COSMOS,STARLINK-4563,7104.86704122063
COSMOS,STARLINK-4683,8642.581482708987
COSMOS,CHUANG,2410.1270914705265
COSMOS,STARLINK-5807,5167.716127614636
COSMOS,STARLINK-6117,3655.4608946439726
COSMOS,STARLINK-31181,3710.0664166082483
COSMOS,STARLINK-11145,7414.186468497883
COSMOS,STARLINK-11116,7222.840179702737
COSMOS,STARLINK-32002,8561.215815302161
COSMOS,STARLINK-32250,9377.13683211385
COSMOS,STARLINK-32226,9457.49163818014
COSMOS,TOMORROW-S2,8920.281239756341
COSMOS,STARLINK-32602,5631.662116536154
COSMOS,STARLINK-32693,7575.526458452939
COSMOS,STARLINK-32797,3508.2359495852984
COSMOS,STARLINK-11565,4164.273897860355
COSMOS,STARLINK-11430,4755.051062912723
COSMOS,STARLINK-32938,3420.374590748695
COSMOS,ESSA,1213.8893309048137
COSMOS,RADIO,10797.22093684176
COSMOS,NOVA,1256.1862143635137
COSMOS,OSCAR,13817.603439571996
COSMOS,ACRIMSAT,6631.031285977693
COSMOS,RITE,8527.612960401035
COSMOS,ONEWEB-0045,1369.7480530047524
COSMOS,ONEWEB-0051,1493.522649437536
COSMOS,STARLINK-1206,4777.948977346558
COSMOS,STARLINK-1222,3622.079547839117
COSMOS,STARLINK-1404,4602.7411976878775
COSMOS,STARLINK-1723,3894.1083863154513
COSMOS,STARLINK-1805,3680.333501705439
COSMOS,STARLINK-2034,4856.97008110921
COSMOS,STARLINK-2424,3678.5583056151495
COSMOS,STARLINK-3313,3905.479196383175
COSMOS,STARLINK-3284,3361.999500183335
COSMOS,STARLINK-3568,3872.873771315942
COSMOS,STARLINK-3562,3508.7581933615215
COSMOS,STARLINK-3859,4296.411857197525
COSMOS,STARLINK-4126,3899.3399588756647
COSMOS,STARLINK-4563,4721.2149886456355
COSMOS,STARLINK-4683,3283.537664414911
COSMOS,CHUANG,11207.134290254317
COSMOS,STARLINK-5807,14112.344832431
COSMOS,STARLINK-6117,12761.282236648725
COSMOS,STARLINK-31181,12135.813781523193
COSMOS,STARLINK-11145,4206.907892939852
COSMOS,STARLINK-11116,3103.041845399285
COSMOS,STARLINK-32002,3780.7511019373114
COSMOS,STARLINK-32250,3856.6350806957967
COSMOS,STARLINK-32226,3918.5527015484604
COSMOS,TOMORROW-S2,1573.7691532173878
COSMOS,STARLINK-32602,14083.767824651706
COSMOS,STARLINK-32693,2125.952974308174
COSMOS,STARLINK-32797,12623.424701343656
COSMOS,STARLINK-11565,12255.221100623417
COSMOS,STARLINK-11430,11350.509975944356
COSMOS,STARLINK-32938,12547.661392815286
NOVA,ESSA,1820.169909384426
NOVA,COSMOS,9160.797692988483
NOVA,RADIO,9759.108163275667
NOVA,COSMOS,12287.554089218627
NOVA,COSMOS,4567.99737427232
NOVA,COSMOS,6138.661367878994
NOVA,COSMOS,1392.6720851260611
NOVA,COSMOS,8176.8240008994135
NOVA,COSMOS,1256.1862143635137
NOVA,COSMOS,9912.509271321545
NOVA,COSMOS,1966.5415005527775
NOVA,OSCAR,12565.630128878769
NOVA,ACRIMSAT,5735.082750428383
NOVA,RITE,7644.950710363448
NOVA,ONEWEB-0045,1805.6987599704157
NOVA,ONEWEB-0051,1885.0288566210484
NOVA,STARLINK-1206,3688.1405567220377
NOVA,STARLINK-1222,2896.599996020538
NOVA,STARLINK-1404,4032.2797905675734
NOVA,STARLINK-1723,3201.1558862792062
NOVA,STARLINK-1805,3310.992829285985
NOVA,STARLINK-2034,4350.750605856518
NOVA,STARLINK-2424,3293.3989720284517
NOVA,STARLINK-3313,3546.657493261812
NOVA,STARLINK-3284,2934.502521073369
NOVA,STARLINK-3568,3188.091981803894
NOVA,STARLINK-3562,2772.856623565085
NOVA,STARLINK-3859,3798.2620764454937
NOVA,STARLINK-4126,3219.0825175325263
NOVA,STARLINK-4563,4183.698535715023
NOVA,STARLINK-4683,2675.77319111599
NOVA,CHUANG,10022.347486377448
NOVA,STARLINK-5807,12869.58644180414
NOVA,STARLINK-6117,11527.079468534994
NOVA,STARLINK-31181,10888.668109174958
NOVA,STARLINK-11145,3491.6193803241226
NOVA,STARLINK-11116,2226.6884691362493
NOVA,STARLINK-32002,3128.462206635007
NOVA,STARLINK-32250,3455.7863195823775
NOVA,STARLINK-32226,3536.77534880524
NOVA,TOMORROW-S2,1386.9203268414092
NOVA,STARLINK-32602,12830.13099485819
NOVA,STARLINK-32693,955.3435810553011
NOVA,STARLINK-32797,11387.2252376785
NOVA,STARLINK-11565,10999.402398039898
NOVA,STARLINK-11430,10168.115850108312
NOVA,STARLINK-32938,11310.830357423007
COSMOS,ESSA,10597.39232656688
COSMOS,RADIO,11297.843088748668
COSMOS,NOVA,9912.509271321545
COSMOS,OSCAR,8999.528519081314
COSMOS,ACRIMSAT,9968.29202841533
COSMOS,RITE,9548.3238748336
COSMOS,ONEWEB-0045,11239.160073824332
COSMOS,ONEWEB-0051,11527.037350394512
COSMOS,STARLINK-1206,7503.413872333564
COSMOS,STARLINK-1222,9917.05166231809
COSMOS,STARLINK-1404,7680.910482800691
COSMOS,STARLINK-1723,9077.06903790233
COSMOS,STARLINK-1805,12144.371908620735
COSMOS,STARLINK-2034,7231.218030697322
COSMOS,STARLINK-2424,12107.277549815939
COSMOS,STARLINK-3313,12321.97730446631
COSMOS,STARLINK-3284,11806.340548340826
COSMOS,STARLINK-3568,8726.476151609326
COSMOS,STARLINK-3562,9247.956976369584
COSMOS,STARLINK-3859,7242.627439063537
COSMOS,STARLINK-4126,8677.947400021947
COSMOS,STARLINK-4563,7427.6846906688925
COSMOS,STARLINK-4683,11263.179509428252
COSMOS,CHUANG,4194.404696755059
COSMOS,STARLINK-5807,7669.191554542167
COSMOS,STARLINK-6117,6048.701304371158
COSMOS,STARLINK-31181,7142.019721158823
COSMOS,STARLINK-11145,9027.803783259993
COSMOS,STARLINK-11116,8941.035377334425
COSMOS,STARLINK-32002,11400.981848671849
COSMOS,STARLINK-32250,12175.80205077808
COSMOS,STARLINK-32226,12266.36926799555
COSMOS,TOMORROW-S2,10739.775796607793
COSMOS,STARLINK-32602,8642.32207010536
COSMOS,STARLINK-32693,9601.076512938067
COSMOS,STARLINK-32797,6039.587864838011
COSMOS,STARLINK-11565,7634.273954450491
COSMOS,STARLINK-11430,8358.065701709776
COSMOS,STARLINK-32938,6031.02226309209
COSMOS,ESSA,747.8451892270906
COSMOS,RADIO,11554.849111223082
COSMOS,NOVA,1966.5415005527775
COSMOS,OSCAR,14044.308881844865
COSMOS,ACRIMSAT,5942.252341506651
COSMOS,RITE,9610.712083026045
COSMOS,ONEWEB-0045,707.4754039797556
COSMOS,ONEWEB-0051,1234.5469805069035
COSMOS,STARLINK-1206,4431.646963617048
COSMOS,STARLINK-1222,2880.3181985732836
COSMOS,STARLINK-1404,3895.1294138797352
COSMOS,STARLINK-1723,3008.066306118399
COSMOS,STARLINK-1805,4157.257218857183
COSMOS,STARLINK-2034,4317.41170827706
COSMOS,STARLINK-2424,4102.399876783431
COSMOS,STARLINK-3313,4312.749845867288
COSMOS,STARLINK-3284,3831.4399562255408
COSMOS,STARLINK-3568,3029.328998833297
COSMOS,STARLINK-3562,2713.9914476374706
COSMOS,STARLINK-3859,4035.057724098452
COSMOS,STARLINK-4126,3057.628747528567
COSMOS,STARLINK-4563,4104.000245531918
COSMOS,STARLINK-4683,3431.791403960121
COSMOS,CHUANG,11162.804318359138
COSMOS,STARLINK-5807,14358.040352668435
COSMOS,STARLINK-6117,12834.293089230046
COSMOS,STARLINK-31181,12411.244026674147
COSMOS,STARLINK-11145,3311.6667315294253
COSMOS,STARLINK-11116,2574.818090751684
COSMOS,STARLINK-32002,4244.667959655758
COSMOS,STARLINK-32250,4281.83882812049
COSMOS,STARLINK-32226,4347.398727379805
COSMOS,TOMORROW-S2,1231.4495225588548
COSMOS,STARLINK-32602,14292.959826398259
COSMOS,STARLINK-32693,2422.2937556470697
COSMOS,STARLINK-32797,12725.91132643874
COSMOS,STARLINK-11565,12356.602593514921
COSMOS,STARLINK-11430,11944.253402182907
COSMOS,STARLINK-32938,12676.853387263514
OSCAR,ESSA,14066.501432796069
OSCAR,COSMOS,5652.930627973686
OSCAR,RADIO,6626.025765831679
OSCAR,COSMOS,7499.4382159603265
OSCAR,COSMOS,10144.049151234682
OSCAR,COSMOS,7916.7733855222305
OSCAR,COSMOS,11830.025334289134
OSCAR,COSMOS,5719.481814104693
OSCAR,COSMOS,13817.603439571996
OSCAR,NOVA,12565.630128878769
OSCAR,COSMOS,8999.528519081314
OSCAR,COSMOS,14044.308881844865
OSCAR,ACRIMSAT,10085.69791835597
OSCAR,RITE,8855.949326827415
OSCAR,ONEWEB-0045,13871.811153343702
OSCAR,ONEWEB-0051,13828.240042082949
OSCAR,STARLINK-1206,9987.091343825321
OSCAR,STARLINK-1222,11782.249163652707
OSCAR,STARLINK-1404,12193.781346326788
OSCAR,STARLINK-1723,11865.945065328418
OSCAR,STARLINK-1805,12445.562892805328
OSCAR,STARLINK-2034,12412.32375093576
OSCAR,STARLINK-2424,12411.49444876114
OSCAR,STARLINK-3313,12474.768000109916
OSCAR,STARLINK-3284,12330.315622338829
OSCAR,STARLINK-3568,11907.918242731112
OSCAR,STARLINK-3562,11838.063672291824
OSCAR,STARLINK-3859,12408.38374318858
OSCAR,STARLINK-4126,11917.085151655554
OSCAR,STARLINK-4563,12302.964135599319
OSCAR,STARLINK-4683,11969.002504843782
OSCAR,CHUANG,5398.291375228054
OSCAR,STARLINK-5807,2046.1677275499335
OSCAR,STARLINK-6117,3280.8159740985298
OSCAR,STARLINK-31181,2093.2598283747225
OSCAR,STARLINK-11145,11714.630406209219
OSCAR,STARLINK-11116,11656.010762716789
OSCAR,STARLINK-32002,11616.768708219008
OSCAR,STARLINK-32250,12347.247927642544
OSCAR,STARLINK-32226,12398.827125055528
OSCAR,TOMORROW-S2,13093.901437194796
OSCAR,STARLINK-32602,726.1813033891054
OSCAR,STARLINK-32693,11785.904828919767
OSCAR,STARLINK-32797,3150.726165160051
OSCAR,STARLINK-11565,2036.4156970266972
OSCAR,STARLINK-11430,4020.213249672382
OSCAR,STARLINK-32938,3073.527507648291
ACRIMSAT,ESSA,6394.189864639847
ACRIMSAT,COSMOS,9299.913518532565
ACRIMSAT,RADIO,9578.695017131498
ACRIMSAT,COSMOS,11357.327372762255
ACRIMSAT,COSMOS,6689.817255190587
ACRIMSAT,COSMOS,5728.0259257041325
ACRIMSAT,COSMOS,6167.668526862043
ACRIMSAT,COSMOS,7301.221020016082
ACRIMSAT,COSMOS,6631.031285977693
ACRIMSAT,NOVA,5735.082750428383
ACRIMSAT,COSMOS,9968.29202841533
ACRIMSAT,COSMOS,5942.252341506651
ACRIMSAT,OSCAR,10085.69791835597
ACRIMSAT,RITE,9804.036599698078
ACRIMSAT,ONEWEB-0045,5768.787845072481
ACRIMSAT,ONEWEB-0051,5765.102995757792
ACRIMSAT,STARLINK-1206,3360.3673661247294
ACRIMSAT,STARLINK-1222,3075.1925084286017
ACRIMSAT,STARLINK-1404,5199.395796527314
ACRIMSAT,STARLINK-1723,3487.86071947501
ACRIMSAT,STARLINK-1805,5629.568706966035
ACRIMSAT,STARLINK-2034,6048.355099894026
ACRIMSAT,STARLINK-2424,5488.866749168933
ACRIMSAT,STARLINK-3313,5569.21240896022
ACRIMSAT,STARLINK-3284,5434.063829570735
ACRIMSAT,STARLINK-3568,3881.7060375328024
ACRIMSAT,STARLINK-3562,3534.7142515861606
ACRIMSAT,STARLINK-3859,6417.383150632443
ACRIMSAT,STARLINK-4126,3930.397655683539
ACRIMSAT,STARLINK-4563,5652.965932688259
ACRIMSAT,STARLINK-4683,4523.009466193074
ACRIMSAT,CHUANG,8017.354726748974
ACRIMSAT,STARLINK-5807,10846.122744531658
ACRIMSAT,STARLINK-6117,9226.417088280736
ACRIMSAT,STARLINK-31181,9033.177987821786
ACRIMSAT,STARLINK-11145,3232.7845410010154
ACRIMSAT,STARLINK-11116,3949.3496925208087
ACRIMSAT,STARLINK-32002,5100.050333931843
ACRIMSAT,STARLINK-32250,5505.5861180084585
ACRIMSAT,STARLINK-32226,5570.400630715205
ACRIMSAT,TOMORROW-S2,5154.342116989206
ACRIMSAT,STARLINK-32602,10383.901722221399
ACRIMSAT,STARLINK-32693,4854.6555136234765
ACRIMSAT,STARLINK-32797,9186.455278865415
ACRIMSAT,STARLINK-11565,8294.018785240432
ACRIMSAT,STARLINK-11430,9548.311203991077
ACRIMSAT,STARLINK-32938,9207.923564142762
RITE,ESSA,9368.699034379195
RITE,COSMOS,5336.020996621873
RITE,RADIO,4294.685004454516
RITE,COSMOS,10566.80396040241
RITE,COSMOS,6836.406405941204
RITE,COSMOS,7221.219427440563
RITE,COSMOS,6292.0495748848725
RITE,COSMOS,6739.340509897369
RITE,COSMOS,8527.612960401035
RITE,NOVA,7644.950710363448
RITE,COSMOS,9548.3238748336
RITE,COSMOS,9610.712083026045
RITE,OSCAR,8855.949326827415
RITE,ACRIMSAT,9804.036599698078
RITE,ONEWEB-0045,9335.125659568619
RITE,ONEWEB-0051,9185.004433621069
RITE,STARLINK-1206,8002.047122579101
RITE,STARLINK-1222,9046.952622528583
RITE,STARLINK-1404,9758.306623346367
RITE,STARLINK-1723,9412.32370096081
RITE,STARLINK-1805,7635.984329847357
RITE,STARLINK-2034,9756.483062276197
RITE,STARLINK-2424,7714.005253030887
RITE,STARLINK-3313,7808.177939811542
RITE,STARLINK-3284,7557.520872297622
RITE,STARLINK-3568,9376.809925105676
RITE,STARLINK-3562,9082.480639229614
RITE,STARLINK-3859,9073.698845789693
RITE,STARLINK-4126,9394.740623292944
RITE,STARLINK-4563,9748.02655143234
RITE,STARLINK-4683,7842.150066784523
RITE,CHUANG,9041.88991414916
RITE,STARLINK-5807,9085.83629522339
RITE,STARLINK-6117,9156.674715513178
RITE,STARLINK-31181,7394.574186867661
RITE,STARLINK-11145,9519.097207335302
RITE,STARLINK-11116,8492.043441478141
RITE,STARLINK-32002,7064.626372919266
RITE,STARLINK-32250,7677.59574917078
RITE,STARLINK-32226,7711.847388539819
RITE,TOMORROW-S2,8753.36977345509
RITE,STARLINK-32602,9175.454763706917
RITE,STARLINK-32693,7413.992627393542
RITE,STARLINK-32797,8882.83917145838
RITE,STARLINK-11565,8454.71720505875
RITE,STARLINK-11430,4922.1653037153765
RITE,STARLINK-32938,8675.001023617238
ONEWEB-0045,ESSA,1276.8463258656977
ONEWEB-0045,COSMOS,10814.940364823138
ONEWEB-0045,RADIO,11142.955695883658
ONEWEB-0045,COSMOS,13651.987956806823
ONEWEB-0045,COSMOS,6025.785535513441
ONEWEB-0045,COSMOS,7424.496108952877
ONEWEB-0045,COSMOS,3081.2313147152
ONEWEB-0045,COSMOS,9609.306987576603
ONEWEB-0045,COSMOS,1369.7480530047524
ONEWEB-0045,NOVA,1805.6987599704157
ONEWEB-0045,COSMOS,11239.160073824332
ONEWEB-0045,COSMOS,707.4754039797556
ONEWEB-0045,OSCAR,13871.811153343702
ONEWEB-0045,ACRIMSAT,5768.787845072481
ONEWEB-0045,RITE,9335.125659568619
ONEWEB-0045,ONEWEB-0051,529.954288478077
ONEWEB-0045,STARLINK-1206,4499.4299333695335
ONEWEB-0045,STARLINK-1222,2745.4974120088905
ONEWEB-0045,STARLINK-1404,4358.153294226272
ONEWEB-0045,STARLINK-1723,3173.946360126012
ONEWEB-0045,STARLINK-1805,3483.747339445435
ONEWEB-0045,STARLINK-2034,4834.028368851436
ONEWEB-0045,STARLINK-2424,3429.1890518481528
ONEWEB-0045,STARLINK-3313,3632.1729538742234
ONEWEB-0045,STARLINK-3284,3173.1115293164044
ONEWEB-0045,STARLINK-3568,3286.336331169787
ONEWEB-0045,STARLINK-3562,2802.9467177668753
ONEWEB-0045,STARLINK-3859,4532.445609372454
ONEWEB-0045,STARLINK-4126,3327.5720945080125
ONEWEB-0045,STARLINK-4563,4599.268328252615
ONEWEB-0045,STARLINK-4683,2826.8791006060846
ONEWEB-0045,CHUANG,11251.222403464297
ONEWEB-0045,STARLINK-5807,14274.959009226175
ONEWEB-0045,STARLINK-6117,12822.760658104062
ONEWEB-0045,STARLINK-31181,12290.4431514832
ONEWEB-0045,STARLINK-11145,3460.757354308253
ONEWEB-0045,STARLINK-11116,2657.664575759595
ONEWEB-0045,STARLINK-32002,3631.9496211873657
ONEWEB-0045,STARLINK-32250,3609.032849189936
ONEWEB-0045,STARLINK-32226,3670.8356059833263
ONEWEB-0045,TOMORROW-S2,787.8135469483402
ONEWEB-0045,STARLINK-32602,14153.437796027145
ONEWEB-0045,STARLINK-32693,2182.000000453119
ONEWEB-0045,STARLINK-32797,12705.716139552396
ONEWEB-0045,STARLINK-11565,12230.149369458684
ONEWEB-0045,STARLINK-11430,11724.030927556056
ONEWEB-0045,STARLINK-32938,12650.818372217296
ONEWEB-0051,ESSA,1745.3755441599455
ONEWEB-0051,COSMOS,10876.019534599487
ONEWEB-0051,RADIO,10897.279198353388
ONEWEB-0051,COSMOS,13878.946063820566
ONEWEB-0051,COSMOS,6286.772160004915
ONEWEB-0051,COSMOS,7620.203846263528
ONEWEB-0051,COSMOS,3007.2962509000818
ONEWEB-0051,COSMOS,9727.85629239048
ONEWEB-0051,COSMOS,1493.522649437536
ONEWEB-0051,NOVA,1885.0288566210484
ONEWEB-0051,COSMOS,11527.037350394512
ONEWEB-0051,COSMOS,1234.5469805069035
ONEWEB-0051,OSCAR,13828.240042082949
ONEWEB-0051,ACRIMSAT,5765.102995757792
ONEWEB-0051,RITE,9185.004433621069
ONEWEB-0051,ONEWEB-0045,529.954288478077
ONEWEB-0051,STARLINK-1206,4685.97408300705
ONEWEB-0051,STARLINK-1222,2832.699104960964
ONEWEB-0051,STARLINK-1404,4787.372044195252
ONEWEB-0051,STARLINK-1723,3452.782536307381
ONEWEB-0051,STARLINK-1805,3013.3946565730107
ONEWEB-0051,STARLINK-2034,5285.128331149957
ONEWEB-0051,STARLINK-2424,2962.067014007273
ONEWEB-0051,STARLINK-3313,3155.186183267315
ONEWEB-0051,STARLINK-3284,2724.5799068526235
ONEWEB-0051,STARLINK-3568,3616.9353893142
ONEWEB-0051,STARLINK-3562,3044.4090739562776
ONEWEB-0051,STARLINK-3859,4967.298203589268
ONEWEB-0051,STARLINK-4126,3664.789961798264
ONEWEB-0051,STARLINK-4563,5042.217808608548
ONEWEB-0051,STARLINK-4683,2460.7942211565182
ONEWEB-0051,CHUANG,11408.298628719327
ONEWEB-0051,STARLINK-5807,14296.630561277098
ONEWEB-0051,STARLINK-6117,12903.334475213645
ONEWEB-0051,STARLINK-31181,12286.875096646305
ONEWEB-0051,STARLINK-11145,3722.448495937311
ONEWEB-0051,STARLINK-11116,2897.9373489183886
ONEWEB-0051,STARLINK-32002,3236.955500237487
ONEWEB-0051,STARLINK-32250,3142.034712009218
ONEWEB-0051,STARLINK-32226,3198.431532244373
ONEWEB-0051,TOMORROW-S2,839.5087708944724
ONEWEB-0051,STARLINK-32602,14134.64225636863
ONEWEB-0051,STARLINK-32693,2193.262248973685
ONEWEB-0051,STARLINK-32797,12779.526436145921
ONEWEB-0051,STARLINK-11565,12227.167552316414
ONEWEB-0051,STARLINK-11430,11635.980639987094
ONEWEB-0051,STARLINK-32938,12719.82219304599
STARLINK-1206,ESSA,4498.976357371396
STARLINK-1206,COSMOS,7344.228048076279
STARLINK-1206,RADIO,9174.917184149674
STARLINK-1206,COSMOS,9527.61667360982
STARLINK-1206,COSMOS,3387.4617994276346
STARLINK-1206,COSMOS,3278.140320720954
STARLINK-1206,COSMOS,4028.8801261733574
STARLINK-1206,COSMOS,5525.67030384155
STARLINK-1206,COSMOS,4777.948977346558
STARLINK-1206,NOVA,3688.1405567220377
STARLINK-1206,COSMOS,7503.413872333564
STARLINK-1206,COSMOS,4431.646963617048
STARLINK-1206,OSCAR,9987.091343825321
STARLINK-1206,ACRIMSAT,3360.3673661247294
STARLINK-1206,RITE,8002.047122579101
STARLINK-1206,ONEWEB-0045,4499.4299333695335
STARLINK-1206,ONEWEB-0051,4685.97408300705
STARLINK-1206,STARLINK-1222,2458.135004446202
STARLINK-1206,STARLINK-1404,2640.4594773514973
STARLINK-1206,STARLINK-1723,1994.4998093154725
STARLINK-1206,STARLINK-1805,5353.422978463121
STARLINK-1206,STARLINK-2034,3242.2798246914267
STARLINK-1206,STARLINK-2424,5262.852039956684
STARLINK-1206,STARLINK-3313,5467.0767596481155
STARLINK-1206,STARLINK-3284,5002.433940778961
STARLINK-1206,STARLINK-3568,1941.5884765693963
STARLINK-1206,STARLINK-3562,2021.8903738129504
STARLINK-1206,STARLINK-3859,3356.902470870309
STARLINK-1206,STARLINK-4126,1949.5057445851191
STARLINK-1206,STARLINK-4563,2944.2336392807174
STARLINK-1206,STARLINK-4683,4192.82266371827
STARLINK-1206,CHUANG,6840.339253811229
STARLINK-1206,STARLINK-5807,10209.69901620466
STARLINK-1206,STARLINK-6117,8517.637414588124
STARLINK-1206,STARLINK-31181,8365.701876547422
STARLINK-1206,STARLINK-11145,1930.8210738081564
STARLINK-1206,STARLINK-11116,1867.7816252426057
STARLINK-1206,STARLINK-32002,4707.07035129801
STARLINK-1206,STARLINK-32250,5348.754076509848
STARLINK-1206,STARLINK-32226,5442.219809988032
STARLINK-1206,TOMORROW-S2,3850.6261481465403
STARLINK-1206,STARLINK-32602,10161.89488961922
STARLINK-1206,STARLINK-32693,2964.395545349879
STARLINK-1206,STARLINK-32797,8436.079550418122
STARLINK-1206,STARLINK-11565,8153.985144180724
STARLINK-1206,STARLINK-11430,8583.194269121082
STARLINK-1206,STARLINK-32938,8413.378973017367
STARLINK-1222,ESSA,3328.8627679424244
STARLINK-1222,COSMOS,9493.45883133687
STARLINK-1222,RADIO,10056.102837616558
STARLINK-1222,COSMOS,11981.8535036291
STARLINK-1222,COSMOS,5326.667049282585
STARLINK-1222,COSMOS,5721.700038198518
STARLINK-1222,COSMOS,3759.1205641612587
STARLINK-1222,COSMOS,7853.838698671422
STARLINK-1222,COSMOS,3622.079547839117
STARLINK-1222,NOVA,2896.599996020538
STARLINK-1222,COSMOS,9917.05166231809
STARLINK-1222,COSMOS,2880.3181985732836
STARLINK-1222,OSCAR,11782.249163652707
STARLINK-1222,ACRIMSAT,3075.1925084286017
STARLINK-1222,RITE,9046.952622528583
STARLINK-1222,ONEWEB-0045,2745.4974120088905
STARLINK-1222,ONEWEB-0051,2832.699104960964
STARLINK-1222,STARLINK-1206,2458.135004446202
STARLINK-1222,STARLINK-1404,3429.9442771557524
STARLINK-1222,STARLINK-1723,1297.1358590070488
STARLINK-1222,STARLINK-1805,3858.6384515220916
STARLINK-1222,STARLINK-2034,4239.939034558454
STARLINK-1222,STARLINK-2424,3733.476295379396
STARLINK-1222,STARLINK-3313,3912.576863218535
STARLINK-1222,STARLINK-3284,3533.6246691866604
STARLINK-1222,STARLINK-3568,1751.3171196148794
STARLINK-1222,STARLINK-3562,947.5562186763717
STARLINK-1222,STARLINK-3859,4327.502781388104
STARLINK-1222,STARLINK-4126,1826.0437426924584
STARLINK-1222,STARLINK-4563,3860.3836650214275
STARLINK-1222,STARLINK-4683,2598.0391590275603
STARLINK-1222,CHUANG,9173.63330735832
STARLINK-1222,STARLINK-5807,12278.812536296113
STARLINK-1222,STARLINK-6117,10695.832944608253
STARLINK-1222,STARLINK-31181,10339.750927284205
STARLINK-1222,STARLINK-11145,1369.3600412112817
STARLINK-1222,STARLINK-11116,1331.5997787395477
STARLINK-1222,STARLINK-32002,3512.0768247165674
STARLINK-1222,STARLINK-32250,3845.22100807311
STARLINK-1222,STARLINK-32226,3928.3575003711353
STARLINK-1222,TOMORROW-S2,2154.236386847516
STARLINK-1222,STARLINK-32602,12055.03671499675
STARLINK-1222,STARLINK-32693,2216.39940033831
STARLINK-1222,STARLINK-32797,10609.728967222434
STARLINK-1222,STARLINK-11565,10026.440770355504
STARLINK-1222,STARLINK-11430,10258.876652468172
STARLINK-1222,STARLINK-32938,10585.731448305003
STARLINK-1404,ESSA,3763.177877548273
STARLINK-1404,COSMOS,8934.303871493761
STARLINK-1404,RADIO,11586.76575735868
STARLINK-1404,COSMOS,10228.077034910213
STARLINK-1404,COSMOS,3654.705374855535
STARLINK-1404,COSMOS,4592.427516818285
STARLINK-1404,COSMOS,4905.0244019865
STARLINK-1404,COSMOS,7128.246048653481
STARLINK-1404,COSMOS,4602.7411976878775
STARLINK-1404,NOVA,4032.2797905675734
STARLINK-1404,COSMOS,7680.910482800691
STARLINK-1404,COSMOS,3895.1294138797352
STARLINK-1404,OSCAR,12193.781346326788
STARLINK-1404,ACRIMSAT,5199.395796527314
STARLINK-1404,RITE,9758.306623346367
STARLINK-1404,ONEWEB-0045,4358.153294226272
STARLINK-1404,ONEWEB-0051,4787.372044195252
STARLINK-1404,STARLINK-1206,2640.4594773514973
STARLINK-1404,STARLINK-1222,3429.9442771557524
STARLINK-1404,STARLINK-1723,2187.569180022372
STARLINK-1404,STARLINK-1805,6725.1769606437565
STARLINK-1404,STARLINK-2034,916.7788767154401
STARLINK-1404,STARLINK-2424,6642.173454065553
STARLINK-1404,STARLINK-3313,6873.315661239213
STARLINK-1404,STARLINK-3284,6338.773362054198
STARLINK-1404,STARLINK-3568,1689.1660633400709
STARLINK-1404,STARLINK-3562,2489.1712507903753
STARLINK-1404,STARLINK-3859,1586.9995630443993
STARLINK-1404,STARLINK-4126,1614.8928539862065
STARLINK-1404,STARLINK-4563,492.7317307184318
STARLINK-1404,STARLINK-4683,5584.0703326937455
STARLINK-1404,CHUANG,8211.70463289669
STARLINK-1404,STARLINK-5807,12124.498565154208
STARLINK-1404,STARLINK-6117,10251.344404408494
STARLINK-1404,STARLINK-31181,10449.37419634797
STARLINK-1404,STARLINK-11145,2269.8472858008686
STARLINK-1404,STARLINK-11116,2453.6978402581367
STARLINK-1404,STARLINK-32002,6318.043565604843
STARLINK-1404,STARLINK-32250,6780.875207425242
STARLINK-1404,STARLINK-32226,6872.343056226072
STARLINK-1404,TOMORROW-S2,4101.852236894667
STARLINK-1404,STARLINK-32602,12270.945473358894
STARLINK-1404,STARLINK-32693,3864.7340853368514
STARLINK-1404,STARLINK-32797,10201.693020457682
STARLINK-1404,STARLINK-11565,10300.77013947008
STARLINK-1404,STARLINK-11430,10784.974699116707
STARLINK-1404,STARLINK-32938,10197.217797100688
STARLINK-1723,ESSA,3276.467597228201
STARLINK-1723,COSMOS,9292.21502492822
STARLINK-1723,RADIO,10680.544020152902
STARLINK-1723,COSMOS,11292.404845597219
STARLINK-1723,COSMOS,4677.801524874964
STARLINK-1723,COSMOS,5156.113674348289
STARLINK-1723,COSMOS,4167.2238376702335
STARLINK-1723,COSMOS,7500.817065229109
STARLINK-1723,COSMOS,3894.1083863154513
STARLINK-1723,NOVA,3201.1558862792062
STARLINK-1723,COSMOS,9077.06903790233
STARLINK-1723,COSMOS,3008.066306118399
STARLINK-1723,OSCAR,11865.945065328418
STARLINK-1723,ACRIMSAT,3487.86071947501
STARLINK-1723,RITE,9412.32370096081
STARLINK-1723,ONEWEB-0045,3173.946360126012
STARLINK-1723,ONEWEB-0051,3452.782536307381
STARLINK-1723,STARLINK-1206,1994.4998093154725
STARLINK-1723,STARLINK-1222,1297.1358590070488
STARLINK-1723,STARLINK-1404,2187.569180022372
STARLINK-1723,STARLINK-1805,5002.750798020741
STARLINK-1723,STARLINK-2034,3049.9299187234415
STARLINK-1723,STARLINK-2424,4891.565241800734
STARLINK-1723,STARLINK-3313,5092.60609969223
STARLINK-1723,STARLINK-3284,4647.752713424355
STARLINK-1723,STARLINK-3568,510.84431702741944
STARLINK-1723,STARLINK-3562,498.1905094394788
STARLINK-1723,STARLINK-3859,3311.869499171684
STARLINK-1723,STARLINK-4126,581.295384840216
STARLINK-1723,STARLINK-4563,2647.2561555420266
STARLINK-1723,STARLINK-4683,3765.541126113277
STARLINK-1723,CHUANG,8689.663769225455
STARLINK-1723,STARLINK-5807,12165.002040316682
STARLINK-1723,STARLINK-6117,10429.072472337833
STARLINK-1723,STARLINK-31181,10317.830482229796
STARLINK-1723,STARLINK-11145,324.21987408044197
STARLINK-1723,STARLINK-11116,1065.945429650116
STARLINK-1723,STARLINK-32002,4625.896151489504
STARLINK-1723,STARLINK-32250,5015.866311582357
STARLINK-1723,STARLINK-32226,5103.073628423661
STARLINK-1723,TOMORROW-S2,2726.645537271477
STARLINK-1723,STARLINK-32602,12064.205118275282
STARLINK-1723,STARLINK-32693,2694.590028515393
STARLINK-1723,STARLINK-32797,10362.595557393051
STARLINK-1723,STARLINK-11565,10018.884541502022
STARLINK-1723,STARLINK-11430,10464.238028423477
STARLINK-1723,STARLINK-32938,10352.019634436036
STARLINK-1805,ESSA,4508.8826342076345
STARLINK-1805,COSMOS,10192.45554569435
STARLINK-1805,RADIO,8588.144001961304
STARLINK-1805,COSMOS,14031.670897146902
STARLINK-1805,COSMOS,7118.252690722253
STARLINK-1805,COSMOS,7889.818656580802
STARLINK-1805,COSMOS,3171.5577757638102
STARLINK-1805,COSMOS,9398.006893946575
STARLINK-1805,COSMOS,3680.333501705439
STARLINK-1805,NOVA,3310.992829285985
STARLINK-1805,COSMOS,12144.371908620735
STARLINK-1805,COSMOS,4157.257218857183
STARLINK-1805,OSCAR,12445.562892805328
STARLINK-1805,ACRIMSAT,5629.568706966035
STARLINK-1805,RITE,7635.984329847357
STARLINK-1805,ONEWEB-0045,3483.747339445435
STARLINK-1805,ONEWEB-0051,3013.3946565730107
STARLINK-1805,STARLINK-1206,5353.422978463121
STARLINK-1805,STARLINK-1222,3858.6384515220916
STARLINK-1805,STARLINK-1404,6725.1769606437565
STARLINK-1805,STARLINK-1723,5002.750798020741
STARLINK-1805,STARLINK-2034,7284.356363964857
STARLINK-1805,STARLINK-2424,156.18676132430366
STARLINK-1805,STARLINK-3313,286.8403459710877
STARLINK-1805,STARLINK-3284,395.14738034644404
STARLINK-1805,STARLINK-3568,5303.205732451814
STARLINK-1805,STARLINK-3562,4517.80045717595
STARLINK-1805,STARLINK-3859,6909.28614761294
STARLINK-1805,STARLINK-4126,5367.643269711085
STARLINK-1805,STARLINK-4563,7018.14781589849
STARLINK-1805,STARLINK-4683,1271.7196480906841
STARLINK-1805,CHUANG,11236.005495651745
STARLINK-1805,STARLINK-5807,13244.337544906952
STARLINK-1805,STARLINK-6117,12231.38612986366
STARLINK-1805,STARLINK-31181,11153.456629445682
STARLINK-1805,STARLINK-11145,5159.622860514812
STARLINK-1805,STARLINK-11116,4306.387756483004
STARLINK-1805,STARLINK-32002,857.2301626852766
STARLINK-1805,STARLINK-32250,220.84080945318425
STARLINK-1805,STARLINK-32226,257.5049237201354
STARLINK-1805,TOMORROW-S2,3057.8538292024145
STARLINK-1805,STARLINK-32602,12875.307726352072
STARLINK-1805,STARLINK-32693,3018.9329207945148
STARLINK-1805,STARLINK-32797,12070.031239843243
STARLINK-1805,STARLINK-11565,11124.496980143445
STARLINK-1805,STARLINK-11430,10080.770942756964
STARLINK-1805,STARLINK-32938,11982.370491278207
STARLINK-2034,ESSA,4035.691078477999
STARLINK-2034,COSMOS,8805.522295750172
STARLINK-2034,RADIO,11861.527497586318
STARLINK-2034,COSMOS,9934.359976592967
STARLINK-2034,COSMOS,3316.2053905447765
STARLINK-2034,COSMOS,4599.455234204013
STARLINK-2034,COSMOS,5128.319955729829
STARLINK-2034,COSMOS,7112.571903447551
STARLINK-2034,COSMOS,4856.97008110921
STARLINK-2034,NOVA,4350.750605856518
STARLINK-2034,COSMOS,7231.218030697322
STARLINK-2034,COSMOS,4317.41170827706
STARLINK-2034,OSCAR,12412.32375093576
STARLINK-2034,ACRIMSAT,6048.355099894026
STARLINK-2034,RITE,9756.483062276197
STARLINK-2034,ONEWEB-0045,4834.028368851436
STARLINK-2034,ONEWEB-0051,5285.128331149957
STARLINK-2034,STARLINK-1206,3242.2798246914267
STARLINK-2034,STARLINK-1222,4239.939034558454
STARLINK-2034,STARLINK-1404,916.7788767154401
STARLINK-2034,STARLINK-1723,3049.9299187234415
STARLINK-2034,STARLINK-1805,7284.356363964857
STARLINK-2034,STARLINK-2424,7215.482307803102
STARLINK-2034,STARLINK-3313,7456.582190309864
STARLINK-2034,STARLINK-3284,6891.380205682036
STARLINK-2034,STARLINK-3568,2540.7520923109905
STARLINK-2034,STARLINK-3562,3293.9257059756487
STARLINK-2034,STARLINK-3859,981.441376194536
STARLINK-2034,STARLINK-4126,2468.933692439902
STARLINK-2034,STARLINK-4563,424.0591833220402
STARLINK-2034,STARLINK-4683,6208.533100644672
STARLINK-2034,CHUANG,8229.07773767084
STARLINK-2034,STARLINK-5807,12201.666232592353
STARLINK-2034,STARLINK-6117,10335.729768044983
STARLINK-2034,STARLINK-31181,10587.181568342263
STARLINK-2034,STARLINK-11145,3157.619733815847
STARLINK-2034,STARLINK-11116,3132.0491186220584
STARLINK-2034,STARLINK-32002,6877.049072285567
STARLINK-2034,STARLINK-32250,7358.659383353367
STARLINK-2034,STARLINK-32226,7450.535527413754
STARLINK-2034,TOMORROW-S2,4632.724318253411
STARLINK-2034,STARLINK-32602,12450.722712508516
STARLINK-2034,STARLINK-32693,4319.182146880003
STARLINK-2034,STARLINK-32797,10283.500738011273
STARLINK-2034,STARLINK-11565,10545.616480545152
STARLINK-2034,STARLINK-11430,10898.734483462156
STARLINK-2034,STARLINK-32938,10272.986413441544
STARLINK-2424,ESSA,4472.741879216056
STARLINK-2424,COSMOS,10193.009882226685
STARLINK-2424,RADIO,8628.251935874894
STARLINK-2424,COSMOS,13991.532590686891
STARLINK-2424,COSMOS,7094.453767783233
STARLINK-2424,COSMOS,7835.509229053242
STARLINK-2424,COSMOS,3201.066037764104
STARLINK-2424,COSMOS,9360.636492855985
STARLINK-2424,COSMOS,3678.5583056151495
STARLINK-2424,NOVA,3293.3989720284517
STARLINK-2424,COSMOS,12107.277549815939
STARLINK-2424,COSMOS,4102.399876783431
STARLINK-2424,OSCAR,12411.49444876114
STARLINK-2424,ACRIMSAT,5488.866749168933
STARLINK-2424,RITE,7714.005253030887
STARLINK-2424,ONEWEB-0045,3429.1890518481528
STARLINK-2424,ONEWEB-0051,2962.067014007273
STARLINK-2424,STARLINK-1206,5262.852039956684
STARLINK-2424,STARLINK-1222,3733.476295379396
STARLINK-2424,STARLINK-1404,6642.173454065553
STARLINK-2424,STARLINK-1723,4891.565241800734
STARLINK-2424,STARLINK-1805,156.18676132430366
STARLINK-2424,STARLINK-2034,7215.482307803102
STARLINK-2424,STARLINK-3313,256.13843891155534
STARLINK-2424,STARLINK-3284,369.1829566474255
STARLINK-2424,STARLINK-3568,5201.18941148654
STARLINK-2424,STARLINK-3562,4409.442548581717
STARLINK-2424,STARLINK-3859,6859.017404739824
STARLINK-2424,STARLINK-4126,5266.463191491081
STARLINK-2424,STARLINK-4563,6942.895910003419
STARLINK-2424,STARLINK-4683,1147.4858812293503
STARLINK-2424,CHUANG,11176.223440276495
STARLINK-2424,STARLINK-5807,13213.578224755232
STARLINK-2424,STARLINK-6117,12181.654431559773
STARLINK-2424,STARLINK-31181,11124.073044883216
STARLINK-2424,STARLINK-11145,5043.579564669817
STARLINK-2424,STARLINK-11116,4215.780867073663
STARLINK-2424,STARLINK-32002,827.1249596904657
STARLINK-2424,STARLINK-32250,182.58573936393344
STARLINK-2424,STARLINK-32226,251.68075565205308
STARLINK-2424,TOMORROW-S2,2991.0109097807417
STARLINK-2424,STARLINK-32602,12839.630968218793
STARLINK-2424,STARLINK-32693,2971.6846505806375
STARLINK-2424,STARLINK-32797,12023.212391498124
STARLINK-2424,STARLINK-11565,11074.828008217877
STARLINK-2424,STARLINK-11430,10090.496307307072
STARLINK-2424,STARLINK-32938,11938.314272139254
STARLINK-3313,ESSA,4698.117077930263
STARLINK-3313,COSMOS,10346.327964203747
STARLINK-3313,RADIO,8625.01420376918
STARLINK-3313,COSMOS,14176.45530530574
STARLINK-3313,COSMOS,7333.382735744035
STARLINK-3313,COSMOS,8034.502156416386
STARLINK-3313,COSMOS,3443.155267050665
STARLINK-3313,COSMOS,9526.060341348157
STARLINK-3313,COSMOS,3905.479196383175
STARLINK-3313,NOVA,3546.657493261812
STARLINK-3313,COSMOS,12321.97730446631
STARLINK-3313,COSMOS,4312.749845867288
STARLINK-3313,OSCAR,12474.768000109916
STARLINK-3313,ACRIMSAT,5569.21240896022
STARLINK-3313,RITE,7808.177939811542
STARLINK-3313,ONEWEB-0045,3632.1729538742234
STARLINK-3313,ONEWEB-0051,3155.186183267315
STARLINK-3313,STARLINK-1206,5467.0767596481155
STARLINK-3313,STARLINK-1222,3912.576863218535
STARLINK-3313,STARLINK-1404,6873.315661239213
STARLINK-3313,STARLINK-1723,5092.60609969223
STARLINK-3313,STARLINK-1805,286.8403459710877
STARLINK-3313,STARLINK-2034,7456.582190309864
STARLINK-3313,STARLINK-2424,256.13843891155534
STARLINK-3313,STARLINK-3284,623.8695492935069
STARLINK-3313,STARLINK-3568,5413.997124231784
STARLINK-3313,STARLINK-3562,4614.859984859826
STARLINK-3313,STARLINK-3859,7109.187301655719
STARLINK-3313,STARLINK-4126,5480.217969095307
STARLINK-3313,STARLINK-4563,7179.871422794761
STARLINK-3313,STARLINK-4683,1338.280075435838
STARLINK-3313,CHUANG,11332.332459800753
STARLINK-3313,STARLINK-5807,13311.725567334286
STARLINK-3313,STARLINK-6117,12303.242795791259
STARLINK-3313,STARLINK-31181,11220.492366960521
STARLINK-3313,STARLINK-11145,5236.916462230879
STARLINK-3313,STARLINK-11116,4441.103966707517
STARLINK-3313,STARLINK-32002,972.6055718436145
STARLINK-3313,STARLINK-32250,154.68931259170998
STARLINK-3313,STARLINK-32226,98.05470544555338
STARLINK-3313,TOMORROW-S2,3213.389973490442
STARLINK-3313,STARLINK-32602,12914.045304979078
STARLINK-3313,STARLINK-32693,3223.328654054116
STARLINK-3313,STARLINK-32797,12144.152445414147
STARLINK-3313,STARLINK-11565,11158.785748919405
STARLINK-3313,STARLINK-11430,10167.742632186671
STARLINK-3313,STARLINK-32938,12059.07158972765
STARLINK-3284,ESSA,4169.400934289769
STARLINK-3284,COSMOS,9970.190696745134
STARLINK-3284,RADIO,8623.724657033592
STARLINK-3284,COSMOS,13734.396639749782
STARLINK-3284,COSMOS,6754.837503938454
STARLINK-3284,COSMOS,7565.6142870893555
STARLINK-3284,COSMOS,2841.4436564842413
STARLINK-3284,COSMOS,9133.262546811902
STARLINK-3284,COSMOS,3361.999500183335
STARLINK-3284,NOVA,2934.502521073369
STARLINK-3284,COSMOS,11806.340548340826
STARLINK-3284,COSMOS,3831.4399562255408
STARLINK-3284,OSCAR,12330.315622338829
STARLINK-3284,ACRIMSAT,5434.063829570735
STARLINK-3284,RITE,7557.520872297622
STARLINK-3284,ONEWEB-0045,3173.1115293164044
STARLINK-3284,ONEWEB-0051,2724.5799068526235
STARLINK-3284,STARLINK-1206,5002.433940778961
STARLINK-3284,STARLINK-1222,3533.6246691866604
STARLINK-3284,STARLINK-1404,6338.773362054198
STARLINK-3284,STARLINK-1723,4647.752713424355
STARLINK-3284,STARLINK-1805,395.14738034644404
STARLINK-3284,STARLINK-2034,6891.380205682036
STARLINK-3284,STARLINK-2424,369.1829566474255
STARLINK-3284,STARLINK-3313,623.8695492935069
STARLINK-3284,STARLINK-3568,4934.9062023650895
STARLINK-3284,STARLINK-3562,4158.93562068207
STARLINK-3284,STARLINK-3859,6514.394342182485
STARLINK-3284,STARLINK-4126,4998.276346290473
STARLINK-3284,STARLINK-4563,6627.53585989612
STARLINK-3284,STARLINK-4683,973.6396016789827
STARLINK-3284,CHUANG,10969.205491063294
STARLINK-3284,STARLINK-5807,13080.007504170178
STARLINK-3284,STARLINK-6117,12020.97602795076
STARLINK-3284,STARLINK-31181,10993.936722784705
STARLINK-3284,STARLINK-11145,4812.90553177979
STARLINK-3284,STARLINK-11116,3926.793097628071
STARLINK-3284,STARLINK-32002,728.7222156529175
STARLINK-3284,STARLINK-32250,522.6663286929008
STARLINK-3284,STARLINK-32226,603.1192680786631
STARLINK-3284,TOMORROW-S2,2706.820250569179
STARLINK-3284,STARLINK-32602,12742.504089774959
STARLINK-3284,STARLINK-32693,2624.319860402862
STARLINK-3284,STARLINK-32797,11862.566041810062
STARLINK-3284,STARLINK-11565,10969.859352985985
STARLINK-3284,STARLINK-11430,9976.483891556072
STARLINK-3284,STARLINK-32938,11777.032670483091
STARLINK-3568,ESSA,3188.0968477822503
STARLINK-3568,COSMOS,9134.344100080189
STARLINK-3568,RADIO,10810.924090764182
STARLINK-3568,COSMOS,11026.224641945242
STARLINK-3568,COSMOS,4318.021241582829
STARLINK-3568,COSMOS,4939.612473061942
STARLINK-3568,COSMOS,4154.880436875037
STARLINK-3568,COSMOS,7350.460530599753
STARLINK-3568,COSMOS,3872.873771315942
STARLINK-3568,NOVA,3188.091981803894
STARLINK-3568,COSMOS,8726.476151609326
STARLINK-3568,COSMOS,3029.328998833297
STARLINK-3568,OSCAR,11907.918242731112
STARLINK-3568,ACRIMSAT,3881.7060375328024
STARLINK-3568,RITE,9376.809925105676
STARLINK-3568,ONEWEB-0045,3286.336331169787
STARLINK-3568,ONEWEB-0051,3616.9353893142
STARLINK-3568,STARLINK-1206,1941.5884765693963
STARLINK-3568,STARLINK-1222,1751.3171196148794
STARLINK-3568,STARLINK-1404,1689.1660633400709
STARLINK-3568,STARLINK-1723,510.84431702741944
STARLINK-3568,STARLINK-1805,5303.205732451814
STARLINK-3568,STARLINK-2034,2540.7520923109905
STARLINK-3568,STARLINK-2424,5201.18941148654
STARLINK-3568,STARLINK-3313,5413.997124231784
STARLINK-3568,STARLINK-3284,4934.9062023650895
STARLINK-3568,STARLINK-3562,832.2914615597784
STARLINK-3568,STARLINK-3859,2816.387781015271
STARLINK-3568,STARLINK-4126,74.79681460426751
STARLINK-3568,STARLINK-4563,2140.982251532232
STARLINK-3568,STARLINK-4683,4092.3621486297293
STARLINK-3568,CHUANG,8549.41644736155
STARLINK-3568,STARLINK-5807,12121.458578463647
STARLINK-3568,STARLINK-6117,10359.195213629017
STARLINK-3568,STARLINK-31181,10301.703600579132
STARLINK-3568,STARLINK-11145,693.9367325152297
STARLINK-3568,STARLINK-11116,1103.0687326364202
STARLINK-3568,STARLINK-32002,4916.0430861346495
STARLINK-3568,STARLINK-32250,5331.487141513226
STARLINK-3568,STARLINK-32226,5420.624798359657
STARLINK-3568,TOMORROW-S2,2880.622195525914
STARLINK-3568,STARLINK-32602,12080.3357508946
STARLINK-3568,STARLINK-32693,2770.3957374091324
STARLINK-3568,STARLINK-32797,10293.696777304773
STARLINK-3568,STARLINK-11565,10050.493850809567
STARLINK-3568,STARLINK-11430,10467.189616368847
STARLINK-3568,STARLINK-32938,10282.206907363605
STARLINK-3562,ESSA,3004.4690694336473
STARLINK-3562,COSMOS,9221.526714590465
STARLINK-3562,RADIO,10380.880159185775
STARLINK-3562,COSMOS,11455.802086073125
STARLINK-3562,COSMOS,4656.831473734981
STARLINK-3562,COSMOS,5238.84031905833
STARLINK-3562,COSMOS,3730.56091131111
STARLINK-3562,COSMOS,7532.202487612598
STARLINK-3562,COSMOS,3508.7581933615215
STARLINK-3562,NOVA,2772.856623565085
STARLINK-3562,COSMOS,9247.956976369584
STARLINK-3562,COSMOS,2713.9914476374706
STARLINK-3562,OSCAR,11838.063672291824
STARLINK-3562,ACRIMSAT,3534.7142515861606
STARLINK-3562,RITE,9082.480639229614
STARLINK-3562,ONEWEB-0045,2802.9467177668753
STARLINK-3562,ONEWEB-0051,3044.4090739562776
STARLINK-3562,STARLINK-1206,2021.8903738129504
STARLINK-3562,STARLINK-1222,947.5562186763717
STARLINK-3562,STARLINK-1404,2489.1712507903753
STARLINK-3562,STARLINK-1723,498.1905094394788
STARLINK-3562,STARLINK-1805,4517.80045717595
STARLINK-3562,STARLINK-2034,3293.9257059756487
STARLINK-3562,STARLINK-2424,4409.442548581717
STARLINK-3562,STARLINK-3313,4614.859984859826
STARLINK-3562,STARLINK-3284,4158.93562068207
STARLINK-3562,STARLINK-3568,832.2914615597784
STARLINK-3562,STARLINK-3859,3418.757040399565
STARLINK-3562,STARLINK-4126,905.3414892015854
STARLINK-3562,STARLINK-4563,2914.538054785914
STARLINK-3562,STARLINK-4683,3289.4895590501014
STARLINK-3562,CHUANG,8833.558371950334
STARLINK-3562,STARLINK-5807,12177.60125318479
STARLINK-3562,STARLINK-6117,10509.525387384007
STARLINK-3562,STARLINK-31181,10289.36115494841
STARLINK-3562,STARLINK-11145,742.0924780911461
STARLINK-3562,STARLINK-11116,700.0210191590954
STARLINK-3562,STARLINK-32002,4146.461574373188
STARLINK-3562,STARLINK-32250,4536.1828820297405
STARLINK-3562,STARLINK-32226,4624.061517756763
STARLINK-3562,TOMORROW-S2,2289.9542048793624
STARLINK-3562,STARLINK-32602,12058.885832882299
STARLINK-3562,STARLINK-32693,2227.80517994428
STARLINK-3562,STARLINK-32797,10430.319256613055
STARLINK-3562,STARLINK-11565,10032.053920114058
STARLINK-3562,STARLINK-11430,10301.724800948976
STARLINK-3562,STARLINK-32938,10409.47200813962
STARLINK-3859,ESSA,3620.313842105342
STARLINK-3859,COSMOS,8487.233975095294
STARLINK-3859,RADIO,11447.869892449547
STARLINK-3859,COSMOS,10011.322790579803
STARLINK-3859,COSMOS,2787.3521359324377
STARLINK-3859,COSMOS,4599.136451004164
STARLINK-3859,COSMOS,4457.941446395071
STARLINK-3859,COSMOS,7041.645886927187
STARLINK-3859,COSMOS,4296.411857197525
STARLINK-3859,NOVA,3798.2620764454937
STARLINK-3859,COSMOS,7242.627439063537
STARLINK-3859,COSMOS,4035.057724098452
STARLINK-3859,OSCAR,12408.38374318858
STARLINK-3859,ACRIMSAT,6417.383150632443
STARLINK-3859,RITE,9073.698845789693
STARLINK-3859,ONEWEB-0045,4532.445609372454
STARLINK-3859,ONEWEB-0051,4967.298203589268
STARLINK-3859,STARLINK-1206,3356.902470870309
STARLINK-3859,STARLINK-1222,4327.502781388104
STARLINK-3859,STARLINK-1404,1586.9995630443993
STARLINK-3859,STARLINK-1723,3311.869499171684
STARLINK-3859,STARLINK-1805,6909.28614761294
STARLINK-3859,STARLINK-2034,981.441376194536
STARLINK-3859,STARLINK-2424,6859.017404739824
STARLINK-3859,STARLINK-3313,7109.187301655719
STARLINK-3859,STARLINK-3284,6514.394342182485
STARLINK-3859,STARLINK-3568,2816.387781015271
STARLINK-3859,STARLINK-3562,3418.757040399565
STARLINK-3859,STARLINK-4126,2756.434937750307
STARLINK-3859,STARLINK-4563,1215.6273146142905
STARLINK-3859,STARLINK-4683,5936.834537721841
STARLINK-3859,CHUANG,8408.15768088727
STARLINK-3859,STARLINK-5807,12187.184817233041
STARLINK-3859,STARLINK-6117,10440.545869656735
STARLINK-3859,STARLINK-31181,10525.326749519429
STARLINK-3859,STARLINK-11145,3487.5283606900907
STARLINK-3859,STARLINK-11116,3068.0430397530013
STARLINK-3859,STARLINK-32002,6513.230713647465
STARLINK-3859,STARLINK-32250,7005.56134176921
STARLINK-3859,STARLINK-32226,7096.6444751143135
STARLINK-3859,TOMORROW-S2,4335.675584964475
STARLINK-3859,STARLINK-32602,12463.882285442729
STARLINK-3859,STARLINK-32693,3898.5744337640144
STARLINK-3859,STARLINK-32797,10362.899130810512
STARLINK-3859,STARLINK-11565,10617.791260839616
STARLINK-3859,STARLINK-11430,10590.57014457587
STARLINK-3859,STARLINK-32938,10329.967738273457
STARLINK-4126,ESSA,3202.54052742215
STARLINK-4126,COSMOS,9123.385826744538
STARLINK-4126,RADIO,10845.70883036455
STARLINK-4126,COSMOS,10987.95345753803
STARLINK-4126,COSMOS,4282.68394262099
STARLINK-4126,COSMOS,4915.062540136919
STARLINK-4126,COSMOS,4184.608133862252
STARLINK-4126,COSMOS,7335.182558912843
STARLINK-4126,COSMOS,3899.3399588756647
STARLINK-4126,NOVA,3219.0825175325263
STARLINK-4126,COSMOS,8677.947400021947
STARLINK-4126,COSMOS,3057.628747528567
STARLINK-4126,OSCAR,11917.085151655554
STARLINK-4126,ACRIMSAT,3930.397655683539
STARLINK-4126,RITE,9394.740623292944
STARLINK-4126,ONEWEB-0045,3327.5720945080125
STARLINK-4126,ONEWEB-0051,3664.789961798264
STARLINK-4126,STARLINK-1206,1949.5057445851191
STARLINK-4126,STARLINK-1222,1826.0437426924584
STARLINK-4126,STARLINK-1404,1614.8928539862065
STARLINK-4126,STARLINK-1723,581.295384840216
STARLINK-4126,STARLINK-1805,5367.643269711085
STARLINK-4126,STARLINK-2034,2468.933692439902
STARLINK-4126,STARLINK-2424,5266.463191491081
STARLINK-4126,STARLINK-3313,5480.217969095307
STARLINK-4126,STARLINK-3284,4998.276346290473
STARLINK-4126,STARLINK-3568,74.79681460426751
STARLINK-4126,STARLINK-3562,905.3414892015854
STARLINK-4126,STARLINK-3859,2756.434937750307
STARLINK-4126,STARLINK-4563,2068.0279354821096
STARLINK-4126,STARLINK-4683,4159.44636042464
STARLINK-4126,CHUANG,8528.116060668333
STARLINK-4126,STARLINK-5807,12118.2979935055
STARLINK-4126,STARLINK-6117,10349.413564598759
STARLINK-4126,STARLINK-31181,10304.556999314105
STARLINK-4126,STARLINK-11145,748.7303790317063
STARLINK-4126,STARLINK-11116,1150.792699944856
STARLINK-4126,STARLINK-32002,4979.2966583578445
STARLINK-4126,STARLINK-32250,5397.229380330325
STARLINK-4126,STARLINK-32226,5486.511407801308
STARLINK-4126,TOMORROW-S2,2930.0805743887795
STARLINK-4126,STARLINK-32602,12085.174282786833
STARLINK-4126,STARLINK-32693,2813.670470609108
STARLINK-4126,STARLINK-32797,10284.793702193958
STARLINK-4126,STARLINK-11565,10056.573912236769
STARLINK-4126,STARLINK-11430,10479.855426255961
STARLINK-4126,STARLINK-32938,10273.800005330524
STARLINK-4563,ESSA,3887.311244686098
STARLINK-4563,COSMOS,8853.73537064512
STARLINK-4563,RADIO,11727.31763024471
STARLINK-4563,COSMOS,10059.93644163431
STARLINK-4563,COSMOS,3447.484652283188
STARLINK-4563,COSMOS,4573.1249968148595
STARLINK-4563,COSMOS,5007.553319380936
STARLINK-4563,COSMOS,7104.86704122063
STARLINK-4563,COSMOS,4721.2149886456355
STARLINK-4563,NOVA,4183.698535715023
STARLINK-4563,COSMOS,7427.6846906688925
STARLINK-4563,COSMOS,4104.000245531918
STARLINK-4563,OSCAR,12302.964135599319
STARLINK-4563,ACRIMSAT,5652.965932688259
STARLINK-4563,RITE,9748.02655143234
STARLINK-4563,ONEWEB-0045,4599.268328252615
STARLINK-4563,ONEWEB-0051,5042.217808608548
STARLINK-4563,STARLINK-1206,2944.2336392807174
STARLINK-4563,STARLINK-1222,3860.3836650214275
STARLINK-4563,STARLINK-1404,492.7317307184318
STARLINK-4563,STARLINK-1723,2647.2561555420266
STARLINK-4563,STARLINK-1805,7018.14781589849
STARLINK-4563,STARLINK-2034,424.0591833220402
STARLINK-4563,STARLINK-2424,6942.895910003419
STARLINK-4563,STARLINK-3313,7179.871422794761
STARLINK-4563,STARLINK-3284,6627.53585989612
STARLINK-4563,STARLINK-3568,2140.982251532232
STARLINK-4563,STARLINK-3562,2914.538054785914
STARLINK-4563,STARLINK-3859,1215.6273146142905
STARLINK-4563,STARLINK-4126,2068.0279354821096
STARLINK-4563,STARLINK-4683,5911.850358831105
STARLINK-4563,CHUANG,8207.427306586836
STARLINK-4563,STARLINK-5807,12157.031318895479
STARLINK-4563,STARLINK-6117,10285.949240080656
STARLINK-4563,STARLINK-31181,10513.539054424951
STARLINK-4563,STARLINK-11145,2745.1165005362595
STARLINK-4563,STARLINK-11116,2802.903294096064
STARLINK-4563,STARLINK-32002,6610.25461645092
STARLINK-4563,STARLINK-32250,7084.257195973447
STARLINK-4563,STARLINK-32226,7176.067922302789
STARLINK-4563,TOMORROW-S2,4373.207024007686
STARLINK-4563,STARLINK-32602,12359.079991182902
STARLINK-4563,STARLINK-32693,4091.676253495533
STARLINK-4563,STARLINK-32797,10234.919342247282
STARLINK-4563,STARLINK-11565,10422.651159549583
STARLINK-4563,STARLINK-11430,10837.07057330139
STARLINK-4563,STARLINK-32938,10227.229514239296
STARLINK-4683,ESSA,3843.5241503817383
STARLINK-4683,COSMOS,9708.909443955583
STARLINK-4683,RADIO,8792.911125803614
STARLINK-4683,COSMOS,13193.00154190726
STARLINK-4683,COSMOS,6303.850630402728
STARLINK-4683,COSMOS,6951.881594243237
STARLINK-4683,COSMOS,2862.9725801014906
STARLINK-4683,COSMOS,8642.581482708987
STARLINK-4683,COSMOS,3283.537664414911
STARLINK-4683,NOVA,2675.77319111599
STARLINK-4683,COSMOS,11263.179509428252
STARLINK-4683,COSMOS,3431.791403960121
STARLINK-4683,OSCAR,11969.002504843782
STARLINK-4683,ACRIMSAT,4523.009466193074
STARLINK-4683,RITE,7842.150066784523
STARLINK-4683,ONEWEB-0045,2826.8791006060846
STARLINK-4683,ONEWEB-0051,2460.7942211565182
STARLINK-4683,STARLINK-1206,4192.82266371827
STARLINK-4683,STARLINK-1222,2598.0391590275603
STARLINK-4683,STARLINK-1404,5584.0703326937455
STARLINK-4683,STARLINK-1723,3765.541126113277
STARLINK-4683,STARLINK-1805,1271.7196480906841
STARLINK-4683,STARLINK-2034,6208.533100644672
STARLINK-4683,STARLINK-2424,1147.4858812293503
STARLINK-4683,STARLINK-3313,1338.280075435838
STARLINK-4683,STARLINK-3284,973.6396016789827
STARLINK-4683,STARLINK-3568,4092.3621486297293
STARLINK-4683,STARLINK-3562,3289.4895590501014
STARLINK-4683,STARLINK-3859,5936.834537721841
STARLINK-4683,STARLINK-4126,4159.44636042464
STARLINK-4683,STARLINK-4563,5911.850358831105
STARLINK-4683,CHUANG,10354.19188009382
STARLINK-4683,STARLINK-5807,12689.297706948173
STARLINK-4683,STARLINK-6117,11498.85106947419
STARLINK-4683,STARLINK-31181,10621.536154057403
STARLINK-4683,STARLINK-11145,3905.8521012331116
STARLINK-4683,STARLINK-11116,3136.6057873308782
STARLINK-4683,STARLINK-32002,1044.6627006241874
STARLINK-4683,STARLINK-32250,1254.8676475521925
STARLINK-4683,STARLINK-32226,1342.2612279978578
STARLINK-4683,TOMORROW-S2,2225.3989656554895
STARLINK-4683,STARLINK-32602,12355.917753170876
STARLINK-4683,STARLINK-32693,2133.6155205999303
STARLINK-4683,STARLINK-32797,11357.999918330897
STARLINK-4683,STARLINK-11565,10500.186317030553
STARLINK-4683,STARLINK-11430,9857.425034387776
STARLINK-4683,STARLINK-32938,11288.436845957212
CHUANG,ESSA,11063.85105111572
CHUANG,COSMOS,4335.595794077197
CHUANG,RADIO,9102.305900466556
CHUANG,COSMOS,3671.8656288416723
CHUANG,COSMOS,6455.620100972683
CHUANG,COSMOS,3989.0917122624237
CHUANG,COSMOS,9687.43089523479
CHUANG,COSMOS,2410.1270914705265
CHUANG,COSMOS,11207.134290254317
CHUANG,NOVA,10022.347486377448
CHUANG,COSMOS,4194.404696755059
CHUANG,COSMOS,11162.804318359138
CHUANG,OSCAR,5398.291375228054
CHUANG,ACRIMSAT,8017.354726748974
CHUANG,RITE,9041.88991414916
CHUANG,ONEWEB-0045,11251.222403464297
CHUANG,ONEWEB-0051,11408.298628719327
CHUANG,STARLINK-1206,6840.339253811229
CHUANG,STARLINK-1222,9173.63330735832
CHUANG,STARLINK-1404,8211.70463289669
CHUANG,STARLINK-1723,8689.663769225455
CHUANG,STARLINK-1805,11236.005495651745
CHUANG,STARLINK-2034,8229.07773767084
CHUANG,STARLINK-2424,11176.223440276495
CHUANG,STARLINK-3313,11332.332459800753
CHUANG,STARLINK-3284,10969.205491063294
CHUANG,STARLINK-3568,8549.41644736155
CHUANG,STARLINK-3562,8833.558371950334
CHUANG,STARLINK-3859,8408.15768088727
CHUANG,STARLINK-4126,8528.116060668333
CHUANG,STARLINK-4563,8207.427306586836
CHUANG,STARLINK-4683,10354.19188009382
CHUANG,STARLINK-5807,4549.433942334411
CHUANG,STARLINK-6117,2358.9640356111186
CHUANG,STARLINK-31181,3875.8969393574316
CHUANG,STARLINK-11145,8532.557214536153
CHUANG,STARLINK-11116,8677.568502926952
CHUANG,STARLINK-32002,10398.939272114882
CHUANG,STARLINK-32250,11191.54453897562
CHUANG,STARLINK-32226,11272.890136653348
CHUANG,TOMORROW-S2,10574.703036246581
CHUANG,STARLINK-32602,5093.819587133323
CHUANG,STARLINK-32693,9362.711095048558
CHUANG,STARLINK-32797,2415.630071602857
CHUANG,STARLINK-11565,3738.147042713951
CHUANG,STARLINK-11430,6117.435212698929
CHUANG,STARLINK-32938,2498.5369015342426
STARLINK-5807,ESSA,14287.72519726022
STARLINK-5807,COSMOS,4877.001080728756
STARLINK-5807,RADIO,7736.241040000668
STARLINK-5807,COSMOS,5768.820306479601
STARLINK-5807,COSMOS,9791.260123628985
STARLINK-5807,COSMOS,7612.500527897405
STARLINK-5807,COSMOS,12148.279106480099
STARLINK-5807,COSMOS,5167.716127614636
STARLINK-5807,COSMOS,14112.344832431
STARLINK-5807,NOVA,12869.58644180414
STARLINK-5807,COSMOS,7669.191554542167
STARLINK-5807,COSMOS,14358.040352668435
STARLINK-5807,OSCAR,2046.1677275499335
STARLINK-5807,ACRIMSAT,10846.122744531658
STARLINK-5807,RITE,9085.83629522339
STARLINK-5807,ONEWEB-0045,14274.959009226175
STARLINK-5807,ONEWEB-0051,14296.630561277098
STARLINK-5807,STARLINK-1206,10209.69901620466
STARLINK-5807,STARLINK-1222,12278.812536296113
STARLINK-5807,STARLINK-1404,12124.498565154208
STARLINK-5807,STARLINK-1723,12165.002040316682
STARLINK-5807,STARLINK-1805,13244.337544906952
STARLINK-5807,STARLINK-2034,12201.666232592353
STARLINK-5807,STARLINK-2424,13213.578224755232
STARLINK-5807,STARLINK-3313,13311.725567334286
STARLINK-5807,STARLINK-3284,13080.007504170178
STARLINK-5807,STARLINK-3568,12121.458578463647
STARLINK-5807,STARLINK-3562,12177.60125318479
STARLINK-5807,STARLINK-3859,12187.184817233041
STARLINK-5807,STARLINK-4126,12118.2979935055
STARLINK-5807,STARLINK-4563,12157.031318895479
STARLINK-5807,STARLINK-4683,12689.297706948173
STARLINK-5807,CHUANG,4549.433942334411
STARLINK-5807,STARLINK-6117,2300.3447500658463
STARLINK-5807,STARLINK-31181,2095.7293122533197
STARLINK-5807,STARLINK-11145,12027.147012091284
STARLINK-5807,STARLINK-11116,11948.719263577013
STARLINK-5807,STARLINK-32002,12394.53353792262
STARLINK-5807,STARLINK-32250,13173.188227845792
STARLINK-5807,STARLINK-32226,13234.431084606955
STARLINK-5807,TOMORROW-S2,13523.549095302154
STARLINK-5807,STARLINK-32602,1418.8169873064858
STARLINK-5807,STARLINK-32693,12165.277888933948
STARLINK-5807,STARLINK-32797,2178.015809737789
STARLINK-5807,STARLINK-11565,2722.4458089595
STARLINK-5807,STARLINK-11430,4418.6817184944375
STARLINK-5807,STARLINK-32938,2078.835419789611
STARLINK-6117,ESSA,12775.34917023108
STARLINK-6117,COSMOS,4492.474152349453
STARLINK-6117,RADIO,8346.149080918689
STARLINK-6117,COSMOS,4497.8214424941725
STARLINK-6117,COSMOS,8273.56590308948
STARLINK-6117,COSMOS,5857.743864800493
STARLINK-6117,COSMOS,11003.16422731245
STARLINK-6117,COSMOS,3655.4608946439726
STARLINK-6117,COSMOS,12761.282236648725
STARLINK-6117,NOVA,11527.079468534994
STARLINK-6117,COSMOS,6048.701304371158
STARLINK-6117,COSMOS,12834.293089230046
STARLINK-6117,OSCAR,3280.8159740985298
STARLINK-6117,ACRIMSAT,9226.417088280736
STARLINK-6117,RITE,9156.674715513178
STARLINK-6117,ONEWEB-0045,12822.760658104062
STARLINK-6117,ONEWEB-0051,12903.334475213645
STARLINK-6117,STARLINK-1206,8517.637414588124
STARLINK-6117,STARLINK-1222,10695.832944608253
STARLINK-6117,STARLINK-1404,10251.344404408494
STARLINK-6117,STARLINK-1723,10429.072472337833
STARLINK-6117,STARLINK-1805,12231.38612986366
STARLINK-6117,STARLINK-2034,10335.729768044983
STARLINK-6117,STARLINK-2424,12181.654431559773
STARLINK-6117,STARLINK-3313,12303.242795791259
STARLINK-6117,STARLINK-3284,12020.97602795076
STARLINK-6117,STARLINK-3568,10359.195213629017
STARLINK-6117,STARLINK-3562,10509.525387384007
STARLINK-6117,STARLINK-3859,10440.545869656735
STARLINK-6117,STARLINK-4126,10349.413564598759
STARLINK-6117,STARLINK-4563,10285.949240080656
STARLINK-6117,STARLINK-4683,11498.85106947419
STARLINK-6117,CHUANG,2358.9640356111186
STARLINK-6117,STARLINK-5807,2300.3447500658463
STARLINK-6117,STARLINK-31181,2298.4281915767488
STARLINK-6117,STARLINK-11145,10268.169876474063
STARLINK-6117,STARLINK-11116,10340.208578314923
STARLINK-6117,STARLINK-32002,11375.131590894393
STARLINK-6117,STARLINK-32250,12164.192440747802
STARLINK-6117,STARLINK-32226,12235.12671925073
STARLINK-6117,TOMORROW-S2,12093.647013078613
STARLINK-6117,STARLINK-32602,2842.048919183019
STARLINK-6117,STARLINK-32693,10809.368410372417
STARLINK-6117,STARLINK-32797,290.73603184968255
STARLINK-6117,STARLINK-11565,2185.7534378554296
STARLINK-6117,STARLINK-11430,5123.898260110136
STARLINK-6117,STARLINK-32938,526.5445277645928
STARLINK-31181,ESSA,12363.31407086826
STARLINK-31181,COSMOS,3646.30091951605
STARLINK-31181,RADIO,6123.907070455131
STARLINK-31181,COSMOS,6090.5996063889825
STARLINK-31181,COSMOS,8151.485902293306
STARLINK-31181,COSMOS,6025.207988558548
STARLINK-31181,COSMOS,10145.450780129577
STARLINK-31181,COSMOS,3710.0664166082483
STARLINK-31181,COSMOS,12135.813781523193
STARLINK-31181,NOVA,10888.668109174958
STARLINK-31181,COSMOS,7142.019721158823
STARLINK-31181,COSMOS,12411.244026674147
STARLINK-31181,OSCAR,2093.2598283747225
STARLINK-31181,ACRIMSAT,9033.177987821786
STARLINK-31181,RITE,7394.574186867661
STARLINK-31181,ONEWEB-0045,12290.4431514832
STARLINK-31181,ONEWEB-0051,12286.875096646305
STARLINK-31181,STARLINK-1206,8365.701876547422
STARLINK-31181,STARLINK-1222,10339.750927284205
STARLINK-31181,STARLINK-1404,10449.37419634797
STARLINK-31181,STARLINK-1723,10317.830482229796
STARLINK-31181,STARLINK-1805,11153.456629445682
STARLINK-31181,STARLINK-2034,10587.181568342263
STARLINK-31181,STARLINK-2424,11124.073044883216
STARLINK-31181,STARLINK-3313,11220.492366960521
STARLINK-31181,STARLINK-3284,10993.936722784705
STARLINK-31181,STARLINK-3568,10301.703600579132
STARLINK-31181,STARLINK-3562,10289.36115494841
STARLINK-31181,STARLINK-3859,10525.326749519429
STARLINK-31181,STARLINK-4126,10304.556999314105
STARLINK-31181,STARLINK-4563,10513.539054424951
STARLINK-31181,STARLINK-4683,10621.536154057403
STARLINK-31181,CHUANG,3875.8969393574316
STARLINK-31181,STARLINK-5807,2095.7293122533197
STARLINK-31181,STARLINK-6117,2298.4281915767488
STARLINK-31181,STARLINK-11145,10194.05887659592
STARLINK-31181,STARLINK-11116,10041.957793003676
STARLINK-31181,STARLINK-32002,10305.193615074375
STARLINK-31181,STARLINK-32250,11082.016243003303
STARLINK-31181,STARLINK-32226,11142.599739449453
STARLINK-31181,TOMORROW-S2,11530.014771601558
STARLINK-31181,STARLINK-32602,2095.8657335962935
STARLINK-31181,STARLINK-32693,10167.510091087022
STARLINK-31181,STARLINK-32797,2036.2629979465717
STARLINK-31181,STARLINK-11565,1609.321227425538
STARLINK-31181,STARLINK-11430,2931.168907311188
STARLINK-31181,STARLINK-32938,1847.5457087531954
STARLINK-11145,ESSA,3596.630938871738
STARLINK-11145,COSMOS,9269.151749697121
STARLINK-11145,RADIO,10676.52505204031
STARLINK-11145,COSMOS,11189.438271171142
STARLINK-11145,COSMOS,4777.3081695689125
STARLINK-11145,COSMOS,5087.000870213977
STARLINK-11145,COSMOS,4413.589283162061
STARLINK-11145,COSMOS,7414.186468497883
STARLINK-11145,COSMOS,4206.907892939852
STARLINK-11145,NOVA,3491.6193803241226
STARLINK-11145,COSMOS,9027.803783259993
STARLINK-11145,COSMOS,3311.6667315294253
STARLINK-11145,OSCAR,11714.630406209219
STARLINK-11145,ACRIMSAT,3232.7845410010154
STARLINK-11145,RITE,9519.097207335302
STARLINK-11145,ONEWEB-0045,3460.757354308253
STARLINK-11145,ONEWEB-0051,3722.448495937311
STARLINK-11145,STARLINK-1206,1930.8210738081564
STARLINK-11145,STARLINK-1222,1369.3600412112817
STARLINK-11145,STARLINK-1404,2269.8472858008686
STARLINK-11145,STARLINK-1723,324.21987408044197
STARLINK-11145,STARLINK-1805,5159.622860514812
STARLINK-11145,STARLINK-2034,3157.619733815847
STARLINK-11145,STARLINK-2424,5043.579564669817
STARLINK-11145,STARLINK-3313,5236.916462230879
STARLINK-11145,STARLINK-3284,4812.90553177979
STARLINK-11145,STARLINK-3568,693.9367325152297
STARLINK-11145,STARLINK-3562,742.0924780911461
STARLINK-11145,STARLINK-3859,3487.5283606900907
STARLINK-11145,STARLINK-4126,748.7303790317063
STARLINK-11145,STARLINK-4563,2745.1165005362595
STARLINK-11145,STARLINK-4683,3905.8521012331116
STARLINK-11145,CHUANG,8532.557214536153
STARLINK-11145,STARLINK-5807,12027.147012091284
STARLINK-11145,STARLINK-6117,10268.169876474063
STARLINK-11145,STARLINK-31181,10194.05887659592
STARLINK-11145,STARLINK-11116,1319.6825833707185
STARLINK-11145,STARLINK-32002,4760.701486236477
STARLINK-11145,STARLINK-32250,5160.358192634932
STARLINK-11145,STARLINK-32226,5246.988544952713
STARLINK-11145,TOMORROW-S2,3002.1955974605544
STARLINK-11145,STARLINK-32602,11910.461299978495
STARLINK-11145,STARLINK-32693,2938.307807844737
STARLINK-11145,STARLINK-32797,10208.179280265731
STARLINK-11145,STARLINK-11565,9851.092880044225
STARLINK-11145,STARLINK-11430,10417.206468963683
STARLINK-11145,STARLINK-32938,10203.6464612784
STARLINK-11116,ESSA,2728.205753431274
STARLINK-11116,COSMOS,8777.1989037443
STARLINK-11116,RADIO,10002.246854927213
STARLINK-11116,COSMOS,11201.455755515022
STARLINK-11116,COSMOS,4124.141529526814
STARLINK-11116,COSMOS,4943.668218680684
STARLINK-11116,COSMOS,3108.9630878155012
STARLINK-11116,COSMOS,7222.840179702737
STARLINK-11116,COSMOS,3103.041845399285
STARLINK-11116,NOVA,2226.6884691362493
STARLINK-11116,COSMOS,8941.035377334425
STARLINK-11116,COSMOS,2574.818090751684
STARLINK-11116,OSCAR,11656.010762716789
STARLINK-11116,ACRIMSAT,3949.3496925208087
STARLINK-11116,RITE,8492.043441478141
STARLINK-11116,ONEWEB-0045,2657.664575759595
STARLINK-11116,ONEWEB-0051,2897.9373489183886
STARLINK-11116,STARLINK-1206,1867.7816252426057
STARLINK-11116,STARLINK-1222,1331.5997787395477
STARLINK-11116,STARLINK-1404,2453.6978402581367
STARLINK-11116,STARLINK-1723,1065.945429650116
STARLINK-11116,STARLINK-1805,4306.387756483004
STARLINK-11116,STARLINK-2034,3132.0491186220584
STARLINK-11116,STARLINK-2424,4215.780867073663
STARLINK-11116,STARLINK-3313,4441.103966707517
STARLINK-11116,STARLINK-3284,3926.793097628071
STARLINK-11116,STARLINK-3568,1103.0687326364202
STARLINK-11116,STARLINK-3562,700.0210191590954
STARLINK-11116,STARLINK-3859,3068.0430397530013
STARLINK-11116,STARLINK-4126,1150.792699944856
STARLINK-11116,STARLINK-4563,2802.903294096064
STARLINK-11116,STARLINK-4683,3136.6057873308782
STARLINK-11116,CHUANG,8677.568502926952
STARLINK-11116,STARLINK-5807,11948.719263577013
STARLINK-11116,STARLINK-6117,10340.208578314923
STARLINK-11116,STARLINK-31181,10041.957793003676
STARLINK-11116,STARLINK-11145,1319.6825833707185
STARLINK-11116,STARLINK-32002,3893.364391625669
STARLINK-11116,STARLINK-32250,4347.590411122514
STARLINK-11116,STARLINK-32226,4439.3477116465765
STARLINK-11116,TOMORROW-S2,2078.113444135287
STARLINK-11116,STARLINK-32602,11874.605649611
STARLINK-11116,STARLINK-32693,1682.8180024907624
STARLINK-11116,STARLINK-32797,10245.7337799948
STARLINK-11116,STARLINK-11565,9890.987163540589
STARLINK-11116,STARLINK-11430,9918.43633172256
STARLINK-11116,STARLINK-32938,10210.757211130322
STARLINK-32002,ESSA,4550.817946636409
STARLINK-32002,COSMOS,9383.220672905069
STARLINK-32002,RADIO,7959.704556461965
STARLINK-32002,COSMOS,13219.589693679829
STARLINK-32002,COSMOS,6493.00038633089
STARLINK-32002,COSMOS,7114.343785100413
STARLINK-32002,COSMOS,2832.541053650284
STARLINK-32002,COSMOS,8561.215815302161
STARLINK-32002,COSMOS,3780.7511019373114
STARLINK-32002,NOVA,3128.462206635007
STARLINK-32002,COSMOS,11400.981848671849
STARLINK-32002,COSMOS,4244.667959655758
STARLINK-32002,OSCAR,11616.768708219008
STARLINK-32002,ACRIMSAT,5100.050333931843
STARLINK-32002,RITE,7064.626372919266
STARLINK-32002,ONEWEB-0045,3631.9496211873657
STARLINK-32002,ONEWEB-0051,3236.955500237487
STARLINK-32002,STARLINK-1206,4707.07035129801
STARLINK-32002,STARLINK-1222,3512.0768247165674
STARLINK-32002,STARLINK-1404,6318.043565604843
STARLINK-32002,STARLINK-1723,4625.896151489504
STARLINK-32002,STARLINK-1805,857.2301626852766
STARLINK-32002,STARLINK-2034,6877.049072285567
STARLINK-32002,STARLINK-2424,827.1249596904657
STARLINK-32002,STARLINK-3313,972.6055718436145
STARLINK-32002,STARLINK-3284,728.7222156529175
STARLINK-32002,STARLINK-3568,4916.0430861346495
STARLINK-32002,STARLINK-3562,4146.461574373188
STARLINK-32002,STARLINK-3859,6513.230713647465
STARLINK-32002,STARLINK-4126,4979.2966583578445
STARLINK-32002,STARLINK-4563,6610.25461645092
STARLINK-32002,STARLINK-4683,1044.6627006241874
STARLINK-32002,CHUANG,10398.939272114882
STARLINK-32002,STARLINK-5807,12394.53353792262
STARLINK-32002,STARLINK-6117,11375.131590894393
STARLINK-32002,STARLINK-31181,10305.193615074375
STARLINK-32002,STARLINK-11145,4760.701486236477
STARLINK-32002,STARLINK-11116,3893.364391625669
STARLINK-32002,STARLINK-32250,820.3141035315125
STARLINK-32002,STARLINK-32226,899.1826240701698
STARLINK-32002,TOMORROW-S2,3052.0961706058333
STARLINK-32002,STARLINK-32602,12036.944698916343
STARLINK-32002,STARLINK-32693,2640.0214694677898
STARLINK-32002,STARLINK-32797,11213.121201837797
STARLINK-32002,STARLINK-11565,10279.938327814985
STARLINK-32002,STARLINK-11430,9289.81652639224
STARLINK-32002,STARLINK-32938,11125.170637708781
STARLINK-32250,ESSA,4653.324460194252
STARLINK-32250,COSMOS,10193.210199117077
STARLINK-32250,RADIO,8517.385931504608
STARLINK-32250,COSMOS,14027.820581057704
STARLINK-32250,COSMOS,7193.925897470046
STARLINK-32250,COSMOS,7891.511855319788
STARLINK-32250,COSMOS,3321.344999922118
STARLINK-32250,COSMOS,9377.13683211385
STARLINK-32250,COSMOS,3856.6350806957967
STARLINK-32250,NOVA,3455.7863195823775
STARLINK-32250,COSMOS,12175.80205077808
STARLINK-32250,COSMOS,4281.83882812049
STARLINK-32250,OSCAR,12347.247927642544
STARLINK-32250,ACRIMSAT,5505.5861180084585
STARLINK-32250,RITE,7677.59574917078
STARLINK-32250,ONEWEB-0045,3609.032849189936
STARLINK-32250,ONEWEB-0051,3142.034712009218
STARLINK-32250,STARLINK-1206,5348.754076509848
STARLINK-32250,STARLINK-1222,3845.22100807311
STARLINK-32250,STARLINK-1404,6780.875207425242
STARLINK-32250,STARLINK-1723,5015.866311582357
STARLINK-32250,STARLINK-1805,220.84080945318425
STARLINK-32250,STARLINK-2034,7358.659383353367
STARLINK-32250,STARLINK-2424,182.58573936393344
STARLINK-32250,STARLINK-3313,154.68931259170998
STARLINK-32250,STARLINK-3284,522.6663286929008
STARLINK-32250,STARLINK-3568,5331.487141513226
STARLINK-32250,STARLINK-3562,4536.1828820297405
STARLINK-32250,STARLINK-3859,7005.56134176921
STARLINK-32250,STARLINK-4126,5397.229380330325
STARLINK-32250,STARLINK-4563,7084.257195973447
STARLINK-32250,STARLINK-4683,1254.8676475521925
STARLINK-32250,CHUANG,11191.54453897562
STARLINK-32250,STARLINK-5807,13173.188227845792
STARLINK-32250,STARLINK-6117,12164.192440747802
STARLINK-32250,STARLINK-31181,11082.016243003303
STARLINK-32250,STARLINK-11145,5160.358192634932
STARLINK-32250,STARLINK-11116,4347.590411122514
STARLINK-32250,STARLINK-32002,820.3141035315125
STARLINK-32250,STARLINK-32226,95.42834225456207
STARLINK-32250,TOMORROW-S2,3164.912431789729
STARLINK-32250,STARLINK-32602,12783.370033923438
STARLINK-32250,STARLINK-32693,3113.7814659261976
STARLINK-32250,STARLINK-32797,12004.32779475054
STARLINK-32250,STARLINK-11565,11029.016828149239
STARLINK-32250,STARLINK-11430,10030.119689731206
STARLINK-32250,STARLINK-32938,11918.47289576316
STARLINK-32226,ESSA,4721.4898244399365
STARLINK-32226,COSMOS,10263.316494427681
STARLINK-32226,RADIO,8532.497856578566
STARLINK-32226,COSMOS,14112.988327555993
STARLINK-32226,COSMOS,7285.323034238948
STARLINK-32226,COSMOS,7981.729438026676
STARLINK-32226,COSMOS,3397.666373790249
STARLINK-32226,COSMOS,9457.49163818014
STARLINK-32226,COSMOS,3918.5527015484604
STARLINK-32226,NOVA,3536.77534880524
STARLINK-32226,COSMOS,12266.36926799555
STARLINK-32226,COSMOS,4347.398727379805
STARLINK-32226,OSCAR,12398.827125055528
STARLINK-32226,ACRIMSAT,5570.400630715205
STARLINK-32226,RITE,7711.847388539819
STARLINK-32226,ONEWEB-0045,3670.8356059833263
STARLINK-32226,ONEWEB-0051,3198.431532244373
STARLINK-32226,STARLINK-1206,5442.219809988032
STARLINK-32226,STARLINK-1222,3928.3575003711353
STARLINK-32226,STARLINK-1404,6872.343056226072
STARLINK-32226,STARLINK-1723,5103.073628423661
STARLINK-32226,STARLINK-1805,257.5049237201354
STARLINK-32226,STARLINK-2034,7450.535527413754
STARLINK-32226,STARLINK-2424,251.68075565205308
STARLINK-32226,STARLINK-3313,98.05470544555338
STARLINK-32226,STARLINK-3284,603.1192680786631
STARLINK-32226,STARLINK-3568,5420.624798359657
STARLINK-32226,STARLINK-3562,4624.061517756763
STARLINK-32226,STARLINK-3859,7096.6444751143135
STARLINK-32226,STARLINK-4126,5486.511407801308
STARLINK-32226,STARLINK-4563,7176.067922302789
STARLINK-32226,STARLINK-4683,1342.2612279978578
STARLINK-32226,CHUANG,11272.890136653348
STARLINK-32226,STARLINK-5807,13234.431084606955
STARLINK-32226,STARLINK-6117,12235.12671925073
STARLINK-32226,STARLINK-31181,11142.599739449453
STARLINK-32226,STARLINK-11145,5246.988544952713
STARLINK-32226,STARLINK-11116,4439.3477116465765
STARLINK-32226,STARLINK-32002,899.1826240701698
STARLINK-32226,STARLINK-32250,95.42834225456207
STARLINK-32226,TOMORROW-S2,3239.309557599301
STARLINK-32226,STARLINK-32602,12838.551476479981
STARLINK-32226,STARLINK-32693,3205.2597681318052
STARLINK-32226,STARLINK-32797,12074.644964468745
STARLINK-32226,STARLINK-11565,11089.347472427267
STARLINK-32226,STARLINK-11430,10077.381931582922
STARLINK-32226,STARLINK-32938,11988.309542193141
TOMORROW-S2,ESSA,1664.43933393822
TOMORROW-S2,COSMOS,10141.31280190272
TOMORROW-S2,RADIO,10433.438577157773
TOMORROW-S2,COSMOS,13061.33835099845
TOMORROW-S2,COSMOS,5551.587825538654
TOMORROW-S2,COSMOS,6792.057646412921
TOMORROW-S2,COSMOS,2601.4475334103463
TOMORROW-S2,COSMOS,8920.281239756341
TOMORROW-S2,COSMOS,1573.7691532173878
TOMORROW-S2,NOVA,1386.9203268414092
TOMORROW-S2,COSMOS,10739.775796607793
TOMORROW-S2,COSMOS,1231.4495225588548
TOMORROW-S2,OSCAR,13093.901437194796
TOMORROW-S2,ACRIMSAT,5154.342116989206
TOMORROW-S2,RITE,8753.36977345509
TOMORROW-S2,ONEWEB-0045,787.8135469483402
TOMORROW-S2,ONEWEB-0051,839.5087708944724
TOMORROW-S2,STARLINK-1206,3850.6261481465403
TOMORROW-S2,STARLINK-1222,2154.236386847516
TOMORROW-S2,STARLINK-1404,4101.852236894667
TOMORROW-S2,STARLINK-1723,2726.645537271477
TOMORROW-S2,STARLINK-1805,3057.8538292024145
TOMORROW-S2,STARLINK-2034,4632.724318253411
TOMORROW-S2,STARLINK-2424,2991.0109097807417
TOMORROW-S2,STARLINK-3313,3213.389973490442
TOMORROW-S2,STARLINK-3284,2706.820250569179
TOMORROW-S2,STARLINK-3568,2880.622195525914
TOMORROW-S2,STARLINK-3562,2289.9542048793624
TOMORROW-S2,STARLINK-3859,4335.675584964475
TOMORROW-S2,STARLINK-4126,2930.0805743887795
TOMORROW-S2,STARLINK-4563,4373.207024007686
TOMORROW-S2,STARLINK-4683,2225.3989656554895
TOMORROW-S2,CHUANG,10574.703036246581
TOMORROW-S2,STARLINK-5807,13523.549095302154
TOMORROW-S2,STARLINK-6117,12093.647013078613
TOMORROW-S2,STARLINK-31181,11530.014771601558
TOMORROW-S2,STARLINK-11145,3002.1955974605544
TOMORROW-S2,STARLINK-11116,2078.113444135287
TOMORROW-S2,STARLINK-32002,3052.0961706058333
TOMORROW-S2,STARLINK-32250,3164.912431789729
TOMORROW-S2,STARLINK-32226,3239.309557599301
TOMORROW-S2,STARLINK-32602,13382.259077492594
TOMORROW-S2,STARLINK-32693,1474.9976266195813
TOMORROW-S2,STARLINK-32797,11973.774687580504
TOMORROW-S2,STARLINK-11565,11461.035887127873
TOMORROW-S2,STARLINK-11430,10980.115002192908
TOMORROW-S2,STARLINK-32938,11917.44069941471
STARLINK-32602,ESSA,14292.125845753224
STARLINK-32602,COSMOS,5575.700828225463
STARLINK-32602,RADIO,7199.978723040103
STARLINK-32602,COSMOS,6955.564786081328
STARLINK-32602,COSMOS,10176.850820570502
STARLINK-32602,COSMOS,7912.598672031861
STARLINK-32602,COSMOS,12117.514339637759
STARLINK-32602,COSMOS,5631.662116536154
STARLINK-32602,COSMOS,14083.767824651706
STARLINK-32602,NOVA,12830.13099485819
STARLINK-32602,COSMOS,8642.32207010536
STARLINK-32602,COSMOS,14292.959826398259
STARLINK-32602,OSCAR,726.1813033891054
STARLINK-32602,ACRIMSAT,10383.901722221399
STARLINK-32602,RITE,9175.454763706917
STARLINK-32602,ONEWEB-0045,14153.437796027145
STARLINK-32602,ONEWEB-0051,14134.64225636863
STARLINK-32602,STARLINK-1206,10161.89488961922
STARLINK-32602,STARLINK-1222,12055.03671499675
STARLINK-32602,STARLINK-1404,12270.945473358894
STARLINK-32602,STARLINK-1723,12064.205118275282
STARLINK-32602,STARLINK-1805,12875.307726352072
STARLINK-32602,STARLINK-2034,12450.722712508516
STARLINK-32602,STARLINK-2424,12839.630968218793
STARLINK-32602,STARLINK-3313,12914.045304979078
STARLINK-32602,STARLINK-3284,12742.504089774959
STARLINK-32602,STARLINK-3568,12080.3357508946
STARLINK-32602,STARLINK-3562,12058.885832882299
STARLINK-32602,STARLINK-3859,12463.882285442729
STARLINK-32602,STARLINK-4126,12085.174282786833
STARLINK-32602,STARLINK-4563,12359.079991182902
STARLINK-32602,STARLINK-4683,12355.917753170876
STARLINK-32602,CHUANG,5093.819587133323
STARLINK-32602,STARLINK-5807,1418.8169873064858
STARLINK-32602,STARLINK-6117,2842.048919183019
STARLINK-32602,STARLINK-31181,2095.8657335962935
STARLINK-32602,STARLINK-11145,11910.461299978495
STARLINK-32602,STARLINK-11116,11874.605649611
STARLINK-32602,STARLINK-32002,12036.944698916343
STARLINK-32602,STARLINK-32250,12783.370033923438
STARLINK-32602,STARLINK-32226,12838.551476479981
STARLINK-32602,TOMORROW-S2,13382.259077492594
STARLINK-32602,STARLINK-32693,12065.0832671475
STARLINK-32602,STARLINK-32797,2736.931150095535
STARLINK-32602,STARLINK-11565,2124.637531954959
STARLINK-32602,STARLINK-11430,4341.818496197944
STARLINK-32602,STARLINK-32938,2674.776310852483
STARLINK-32693,ESSA,2482.17081629187
STARLINK-32693,COSMOS,8688.492004120737
STARLINK-32693,RADIO,9176.235034018851
STARLINK-32693,COSMOS,11827.897738110538
STARLINK-32693,COSMOS,4399.571838997085
STARLINK-32693,COSMOS,5579.424075337176
STARLINK-32693,COSMOS,1556.0321307444024
STARLINK-32693,COSMOS,7575.526458452939
STARLINK-32693,COSMOS,2125.952974308174
STARLINK-32693,NOVA,955.3435810553011
STARLINK-32693,COSMOS,9601.076512938067
STARLINK-32693,COSMOS,2422.2937556470697
STARLINK-32693,OSCAR,11785.904828919767
STARLINK-32693,ACRIMSAT,4854.6555136234765
STARLINK-32693,RITE,7413.992627393542
STARLINK-32693,ONEWEB-0045,2182.000000453119
STARLINK-32693,ONEWEB-0051,2193.262248973685
STARLINK-32693,STARLINK-1206,2964.395545349879
STARLINK-32693,STARLINK-1222,2216.39940033831
STARLINK-32693,STARLINK-1404,3864.7340853368514
STARLINK-32693,STARLINK-1723,2694.590028515393
STARLINK-32693,STARLINK-1805,3018.9329207945148
STARLINK-32693,STARLINK-2034,4319.182146880003
STARLINK-32693,STARLINK-2424,2971.6846505806375
STARLINK-32693,STARLINK-3313,3223.328654054116
STARLINK-32693,STARLINK-3284,2624.319860402862
STARLINK-32693,STARLINK-3568,2770.3957374091324
STARLINK-32693,STARLINK-3562,2227.80517994428
STARLINK-32693,STARLINK-3859,3898.5744337640144
STARLINK-32693,STARLINK-4126,2813.670470609108
STARLINK-32693,STARLINK-4563,4091.676253495533
STARLINK-32693,STARLINK-4683,2133.6155205999303
STARLINK-32693,CHUANG,9362.711095048558
STARLINK-32693,STARLINK-5807,12165.277888933948
STARLINK-32693,STARLINK-6117,10809.368410372417
STARLINK-32693,STARLINK-31181,10167.510091087022
STARLINK-32693,STARLINK-11145,2938.307807844737
STARLINK-32693,STARLINK-11116,1682.8180024907624
STARLINK-32693,STARLINK-32002,2640.0214694677898
STARLINK-32693,STARLINK-32250,3113.7814659261976
STARLINK-32693,STARLINK-32226,3205.2597681318052
STARLINK-32693,TOMORROW-S2,1474.9976266195813
STARLINK-32693,STARLINK-32602,12065.0832671475
STARLINK-32693,STARLINK-32797,10674.01915808243
STARLINK-32693,STARLINK-11565,10197.390016623029
STARLINK-32693,STARLINK-11430,9553.150863977693
STARLINK-32693,STARLINK-32938,10603.939332511909
STARLINK-32797,ESSA,12661.639741923269
STARLINK-32797,COSMOS,4245.457810321087
STARLINK-32797,RADIO,8083.589168591878
STARLINK-32797,COSMOS,4558.30475009026
STARLINK-32797,COSMOS,8152.015071840417
STARLINK-32797,COSMOS,5770.307747096634
STARLINK-32797,COSMOS,10835.008473682847
STARLINK-32797,COSMOS,3508.2359495852984
STARLINK-32797,COSMOS,12623.424701343656
STARLINK-32797,NOVA,11387.2252376785
STARLINK-32797,COSMOS,6039.587864838011
STARLINK-32797,COSMOS,12725.91132643874
STARLINK-32797,OSCAR,3150.726165160051
STARLINK-32797,ACRIMSAT,9186.455278865415
STARLINK-32797,RITE,8882.83917145838
STARLINK-32797,ONEWEB-0045,12705.716139552396
STARLINK-32797,ONEWEB-0051,12779.526436145921
STARLINK-32797,STARLINK-1206,8436.079550418122
STARLINK-32797,STARLINK-1222,10609.728967222434
STARLINK-32797,STARLINK-1404,10201.693020457682
STARLINK-32797,STARLINK-1723,10362.595557393051
STARLINK-32797,STARLINK-1805,12070.031239843243
STARLINK-32797,STARLINK-2034,10283.500738011273
STARLINK-32797,STARLINK-2424,12023.212391498124
STARLINK-32797,STARLINK-3313,12144.152445414147
STARLINK-32797,STARLINK-3284,11862.566041810062
STARLINK-32797,STARLINK-3568,10293.696777304773
STARLINK-32797,STARLINK-3562,10430.319256613055
STARLINK-32797,STARLINK-3859,10362.899130810512
STARLINK-32797,STARLINK-4126,10284.793702193958
STARLINK-32797,STARLINK-4563,10234.919342247282
STARLINK-32797,STARLINK-4683,11357.999918330897
STARLINK-32797,CHUANG,2415.630071602857
STARLINK-32797,STARLINK-5807,2178.015809737789
STARLINK-32797,STARLINK-6117,290.73603184968255
STARLINK-32797,STARLINK-31181,2036.2629979465717
STARLINK-32797,STARLINK-11145,10208.179280265731
STARLINK-32797,STARLINK-11116,10245.7337799948
STARLINK-32797,STARLINK-32002,11213.121201837797
STARLINK-32797,STARLINK-32250,12004.32779475054
STARLINK-32797,STARLINK-32226,12074.644964468745
STARLINK-32797,TOMORROW-S2,11973.774687580504
STARLINK-32797,STARLINK-32602,2736.931150095535
STARLINK-32797,STARLINK-32693,10674.01915808243
STARLINK-32797,STARLINK-11565,2073.902199037474
STARLINK-32797,STARLINK-11430,4839.062578889455
STARLINK-32797,STARLINK-32938,238.92539431936092
STARLINK-11565,ESSA,12392.55844955069
STARLINK-11565,COSMOS,4924.136949364932
STARLINK-11565,RADIO,6796.478013544956
STARLINK-11565,COSMOS,6578.075191400312
STARLINK-11565,COSMOS,8524.538677041726
STARLINK-11565,COSMOS,6126.24846739454
STARLINK-11565,COSMOS,10407.810540587234
STARLINK-11565,COSMOS,4164.273897860355
STARLINK-11565,COSMOS,12255.221100623417
STARLINK-11565,NOVA,10999.402398039898
STARLINK-11565,COSMOS,7634.273954450491
STARLINK-11565,COSMOS,12356.602593514921
STARLINK-11565,OSCAR,2036.4156970266972
STARLINK-11565,ACRIMSAT,8294.018785240432
STARLINK-11565,RITE,8454.71720505875
STARLINK-11565,ONEWEB-0045,12230.149369458684
STARLINK-11565,ONEWEB-0051,12227.167552316414
STARLINK-11565,STARLINK-1206,8153.985144180724
STARLINK-11565,STARLINK-1222,10026.440770355504
STARLINK-11565,STARLINK-1404,10300.77013947008
STARLINK-11565,STARLINK-1723,10018.884541502022
STARLINK-11565,STARLINK-1805,11124.496980143445
STARLINK-11565,STARLINK-2034,10545.616480545152
STARLINK-11565,STARLINK-2424,11074.828008217877
STARLINK-11565,STARLINK-3313,11158.785748919405
STARLINK-11565,STARLINK-3284,10969.859352985985
STARLINK-11565,STARLINK-3568,10050.493850809567
STARLINK-11565,STARLINK-3562,10032.053920114058
STARLINK-11565,STARLINK-3859,10617.791260839616
STARLINK-11565,STARLINK-4126,10056.573912236769
STARLINK-11565,STARLINK-4563,10422.651159549583
STARLINK-11565,STARLINK-4683,10500.186317030553
STARLINK-11565,CHUANG,3738.147042713951
STARLINK-11565,STARLINK-5807,2722.4458089595
STARLINK-11565,STARLINK-6117,2185.7534378554296
STARLINK-11565,STARLINK-31181,1609.321227425538
STARLINK-11565,STARLINK-11145,9851.092880044225
STARLINK-11565,STARLINK-11116,9890.987163540589
STARLINK-11565,STARLINK-32002,10279.938327814985
STARLINK-11565,STARLINK-32250,11029.016828149239
STARLINK-11565,STARLINK-32226,11089.347472427267
STARLINK-11565,TOMORROW-S2,11461.035887127873
STARLINK-11565,STARLINK-32602,2124.637531954959
STARLINK-11565,STARLINK-32693,10197.390016623029
STARLINK-11565,STARLINK-32797,2073.902199037474
STARLINK-11565,STARLINK-11430,4183.238344490073
STARLINK-11565,STARLINK-32938,2051.8386968366426
STARLINK-11430,ESSA,11849.771283661223
STARLINK-11430,COSMOS,3411.120875672381
STARLINK-11430,RADIO,3648.374352770632
STARLINK-11430,COSMOS,7956.57149949048
STARLINK-11430,COSMOS,8050.867837393322
STARLINK-11430,COSMOS,6692.460367965828
STARLINK-11430,COSMOS,9132.259074839367
STARLINK-11430,COSMOS,4755.051062912723
STARLINK-11430,COSMOS,11350.509975944356
STARLINK-11430,NOVA,10168.115850108312
STARLINK-11430,COSMOS,8358.065701709776
STARLINK-11430,COSMOS,11944.253402182907
STARLINK-11430,OSCAR,4020.213249672382
STARLINK-11430,ACRIMSAT,9548.311203991077
STARLINK-11430,RITE,4922.1653037153765
STARLINK-11430,ONEWEB-0045,11724.030927556056
STARLINK-11430,ONEWEB-0051,11635.980639987094
STARLINK-11430,STARLINK-1206,8583.194269121082
STARLINK-11430,STARLINK-1222,10258.876652468172
STARLINK-11430,STARLINK-1404,10784.974699116707
STARLINK-11430,STARLINK-1723,10464.238028423477
STARLINK-11430,STARLINK-1805,10080.770942756964
STARLINK-11430,STARLINK-2034,10898.734483462156
STARLINK-11430,STARLINK-2424,10090.496307307072
STARLINK-11430,STARLINK-3313,10167.742632186671
STARLINK-11430,STARLINK-3284,9976.483891556072
STARLINK-11430,STARLINK-3568,10467.189616368847
STARLINK-11430,STARLINK-3562,10301.724800948976
STARLINK-11430,STARLINK-3859,10590.57014457587
STARLINK-11430,STARLINK-4126,10479.855426255961
STARLINK-11430,STARLINK-4563,10837.07057330139
STARLINK-11430,STARLINK-4683,9857.425034387776
STARLINK-11430,CHUANG,6117.435212698929
STARLINK-11430,STARLINK-5807,4418.6817184944375
STARLINK-11430,STARLINK-6117,5123.898260110136
STARLINK-11430,STARLINK-31181,2931.168907311188
STARLINK-11430,STARLINK-11145,10417.206468963683
STARLINK-11430,STARLINK-11116,9918.43633172256
STARLINK-11430,STARLINK-32002,9289.81652639224
STARLINK-11430,STARLINK-32250,10030.119689731206
STARLINK-11430,STARLINK-32226,10077.381931582922
STARLINK-11430,TOMORROW-S2,10980.115002192908
STARLINK-11430,STARLINK-32602,4341.818496197944
STARLINK-11430,STARLINK-32693,9553.150863977693
STARLINK-11430,STARLINK-32797,4839.062578889455
STARLINK-11430,STARLINK-11565,4183.238344490073
STARLINK-11430,STARLINK-32938,4619.0519935223965
STARLINK-32938,ESSA,12605.89459231791
STARLINK-32938,COSMOS,4045.0547884717644
STARLINK-32938,RADIO,7895.419032159015
STARLINK-32938,COSMOS,4588.166150305537
STARLINK-32938,COSMOS,8079.116269652712
STARLINK-32938,COSMOS,5734.702896445253
STARLINK-32938,COSMOS,10733.44555855268
STARLINK-32938,COSMOS,3420.374590748695
STARLINK-32938,COSMOS,12547.661392815286
STARLINK-32938,NOVA,11310.830357423007
STARLINK-32938,COSMOS,6031.02226309209
STARLINK-32938,COSMOS,12676.853387263514
STARLINK-32938,OSCAR,3073.527507648291
STARLINK-32938,ACRIMSAT,9207.923564142762
STARLINK-32938,RITE,8675.001023617238
STARLINK-32938,ONEWEB-0045,12650.818372217296
STARLINK-32938,ONEWEB-0051,12719.82219304599
STARLINK-32938,STARLINK-1206,8413.378973017367
STARLINK-32938,STARLINK-1222,10585.731448305003
STARLINK-32938,STARLINK-1404,10197.217797100688
STARLINK-32938,STARLINK-1723,10352.019634436036
STARLINK-32938,STARLINK-1805,11982.370491278207
STARLINK-32938,STARLINK-2034,10272.986413441544
STARLINK-32938,STARLINK-2424,11938.314272139254
STARLINK-32938,STARLINK-3313,12059.07158972765
STARLINK-32938,STARLINK-3284,11777.032670483091
STARLINK-32938,STARLINK-3568,10282.206907363605
STARLINK-32938,STARLINK-3562,10409.47200813962
STARLINK-32938,STARLINK-3859,10329.967738273457
STARLINK-32938,STARLINK-4126,10273.800005330524
STARLINK-32938,STARLINK-4563,10227.229514239296
STARLINK-32938,STARLINK-4683,11288.436845957212
STARLINK-32938,CHUANG,2498.5369015342426
STARLINK-32938,STARLINK-5807,2078.835419789611
STARLINK-32938,STARLINK-6117,526.5445277645928
STARLINK-32938,STARLINK-31181,1847.5457087531954
STARLINK-32938,STARLINK-11145,10203.6464612784
STARLINK-32938,STARLINK-11116,10210.757211130322
STARLINK-32938,STARLINK-32002,11125.170637708781
STARLINK-32938,STARLINK-32250,11918.47289576316
STARLINK-32938,STARLINK-32226,11988.309542193141
STARLINK-32938,TOMORROW-S2,11917.44069941471
STARLINK-32938,STARLINK-32602,2674.776310852483
STARLINK-32938,STARLINK-32693,10603.939332511909
STARLINK-32938,STARLINK-32797,238.92539431936092
STARLINK-32938,STARLINK-11565,2051.8386968366426
STARLINK-32938,STARLINK-11430,4619.0519935223965
